App,Version,TestFilePath,ProductionFilePath,RelativeTestFilePath,RelativeProductionFilePath,Assertion Roulette,Conditional Test Logic,Constructor Initialization,Default Test,EmptyTest,Exception Catching Throwing,General Fixture,Mystery Guest,Print Statement,Redundant Assertion,Sensitive Equality,Verbose Test,Sleepy Test,Eager Test,Lazy Test,Duplicate Assert,Unknown Test,IgnoredTest,Resource Optimism,Magic Number Test,Dependent Test
360-Innovations_binding,0123,D:\ryosuke-ku\data_set\Git_20161108\0123\360-Innovations_binding\binding\test\com\netappsid\binding\DefaultMapBeanChangeHandlerTest.java,D:\ryosuke-ku\data_set\Git_20161108\0123\360-Innovations_binding\binding\src\com\netappsid\binding\DefaultMapBeanChangeHandler.java,360-Innovations_binding/binding/test/com/netappsid/binding/DefaultMapBeanChangeHandlerTest.java,360-Innovations_binding/binding/src/com/netappsid/binding/DefaultMapBeanChangeHandler.java,false,false,false,false,false,false,true,false,false,false,false,false,false,false,true,false,true,false,false,false,false
3cky_bkemu-android,0123,D:\ryosuke-ku\data_set\Git_20161108\0123\3cky_bkemu-android\bkemu-android\tests\src\su\comp\bk\arch\io\Sel1RegisterSystemBitsTest.java,D:\ryosuke-ku\data_set\Git_20161108\0123\3cky_bkemu-android\bkemu-android\src\su\comp\bk\arch\io\Sel1RegisterSystemBits.java,3cky_bkemu-android/bkemu-android/tests/src/su/comp/bk/arch/io/Sel1RegisterSystemBitsTest.java,3cky_bkemu-android/bkemu-android/src/su/comp/bk/arch/io/Sel1RegisterSystemBits.java,true,false,false,false,false,false,false,false,false,false,false,false,false,false,false,true,false,false,false,true,false
58code_Gaea,0123,D:\ryosuke-ku\data_set\Git_20161108\0123\58code_Gaea\Gaea\server\src\test\com\bj58\spat\gaea\server\util\UtilTest.java,D:\ryosuke-ku\data_set\Git_20161108\0123\58code_Gaea\Gaea\server\src\util\com\bj58\spat\gaea\server\util\Util.java,58code_Gaea/Gaea/server/src/test/com/bj58/spat/gaea/server/util/UtilTest.java,58code_Gaea/Gaea/server/src/util/com/bj58/spat/gaea/server/util/Util.java,true,false,false,false,false,false,false,false,false,false,false,false,false,true,false,false,false,false,false,false,false
236371_ewolf-webgui,0123,D:\ryosuke-ku\data_set\Git_20161108\0123\236371_ewolf-webgui\ewolf-webgui\test\il\technion\ewolf\stash\crypto\SignableTest.java,D:\ryosuke-ku\data_set\Git_20161108\0123\236371_ewolf-webgui\ewolf-webgui\src\il\technion\ewolf\stash\crypto\Signable.java,236371_ewolf-webgui/ewolf-webgui/test/il/technion/ewolf/stash/crypto/SignableTest.java,236371_ewolf-webgui/ewolf-webgui/src/il/technion/ewolf/stash/crypto/Signable.java,false,false,false,false,false,true,false,false,false,false,false,false,false,true,true,true,false,false,false,false,false
4thline_cling,0123,D:\ryosuke-ku\data_set\Git_20161108\0123\4thline_cling\cling\core\src\test\java\example\localservice\RemoteClientInfoTest.java,D:\ryosuke-ku\data_set\Git_20161108\0123\4thline_cling\cling\core\src\main\java\org\fourthline\cling\model\profile\RemoteClientInfo.java,4thline_cling/cling/core/src/test/java/example/localservice/RemoteClientInfoTest.java,4thline_cling/cling/core/src/main/java/org/fourthline/cling/model/profile/RemoteClientInfo.java,true,false,false,false,false,true,false,false,false,false,false,false,false,true,false,false,false,false,false,true,false
360-Innovations_VaadinSmartGWT,0123,D:\ryosuke-ku\data_set\Git_20161108\0123\360-Innovations_VaadinSmartGWT\VaadinSmartGWT\org.vaadin.smartgwt\src\test\java\org\vaadin\smartgwt\server\grid\events\SelectionUpdatedEventTest.java,D:\ryosuke-ku\data_set\Git_20161108\0123\360-Innovations_VaadinSmartGWT\VaadinSmartGWT\org.vaadin.smartgwt\src\main\java\org\vaadin\smartgwt\server\grid\events\SelectionUpdatedEvent.java,360-Innovations_VaadinSmartGWT/VaadinSmartGWT/org.vaadin.smartgwt/src/test/java/org/vaadin/smartgwt/server/grid/events/SelectionUpdatedEventTest.java,360-Innovations_VaadinSmartGWT/VaadinSmartGWT/org.vaadin.smartgwt/src/main/java/org/vaadin/smartgwt/server/grid/events/SelectionUpdatedEvent.java,false,false,false,false,false,false,true,false,false,true,false,false,false,true,true,false,true,false,false,false,false
4thline_seamless,0123,D:\ryosuke-ku\data_set\Git_20161108\0123\4thline_seamless\seamless\util\src\test\java\org\seamless\test\util\IteratorsTest.java,D:\ryosuke-ku\data_set\Git_20161108\0123\4thline_seamless\seamless\util\src\main\java\org\seamless\util\Iterators.java,4thline_seamless/seamless/util/src/test/java/org/seamless/test/util/IteratorsTest.java,4thline_seamless/seamless/util/src/main/java/org/seamless/util/Iterators.java,true,true,false,false,false,true,false,false,false,false,false,false,false,true,false,false,false,false,false,true,false
360-Innovations_VaadinSmartGWT,0123,D:\ryosuke-ku\data_set\Git_20161108\0123\360-Innovations_VaadinSmartGWT\VaadinSmartGWT\org.vaadin.smartgwt\src\test\java\org\vaadin\smartgwt\server\grid\events\RecordDoubleClickEventTest.java,D:\ryosuke-ku\data_set\Git_20161108\0123\360-Innovations_VaadinSmartGWT\VaadinSmartGWT\org.vaadin.smartgwt\src\main\java\org\vaadin\smartgwt\server\grid\events\RecordDoubleClickEvent.java,360-Innovations_VaadinSmartGWT/VaadinSmartGWT/org.vaadin.smartgwt/src/test/java/org/vaadin/smartgwt/server/grid/events/RecordDoubleClickEventTest.java,360-Innovations_VaadinSmartGWT/VaadinSmartGWT/org.vaadin.smartgwt/src/main/java/org/vaadin/smartgwt/server/grid/events/RecordDoubleClickEvent.java,false,false,false,false,false,false,true,false,false,true,false,false,false,true,true,false,true,false,false,false,false
4thline_seamless,0123,D:\ryosuke-ku\data_set\Git_20161108\0123\4thline_seamless\seamless\javadoc\src\test\java\org\seamless\test\javadoc\EasyDocletTest.java,D:\ryosuke-ku\data_set\Git_20161108\0123\4thline_seamless\seamless\javadoc\src\main\java\org\seamless\javadoc\EasyDoclet.java,4thline_seamless/seamless/javadoc/src/test/java/org/seamless/test/javadoc/EasyDocletTest.java,4thline_seamless/seamless/javadoc/src/main/java/org/seamless/javadoc/EasyDoclet.java,false,false,false,false,false,false,false,false,false,false,false,false,false,false,false,false,true,false,true,false,false
360-Innovations_VaadinSmartGWT,0123,D:\ryosuke-ku\data_set\Git_20161108\0123\360-Innovations_VaadinSmartGWT\VaadinSmartGWT\org.vaadin.smartgwt\src\test\java\org\vaadin\smartgwt\server\form\fields\FormItemTest.java,D:\ryosuke-ku\data_set\Git_20161108\0123\360-Innovations_VaadinSmartGWT\VaadinSmartGWT\org.vaadin.smartgwt\src\main\java\org\vaadin\smartgwt\server\form\fields\FormItem.java,360-Innovations_VaadinSmartGWT/VaadinSmartGWT/org.vaadin.smartgwt/src/test/java/org/vaadin/smartgwt/server/form/fields/FormItemTest.java,360-Innovations_VaadinSmartGWT/VaadinSmartGWT/org.vaadin.smartgwt/src/main/java/org/vaadin/smartgwt/server/form/fields/FormItem.java,false,false,false,false,false,true,true,false,false,false,false,false,false,true,true,false,true,false,false,false,false
360-Innovations_binding,0123,D:\ryosuke-ku\data_set\Git_20161108\0123\360-Innovations_binding\binding\test\com\netappsid\binding\beans\SimplePropertyAdapterTest.java,D:\ryosuke-ku\data_set\Git_20161108\0123\360-Innovations_binding\binding\src\com\netappsid\binding\beans\SimplePropertyAdapter.java,360-Innovations_binding/binding/test/com/netappsid/binding/beans/SimplePropertyAdapterTest.java,360-Innovations_binding/binding/src/com/netappsid/binding/beans/SimplePropertyAdapter.java,true,false,false,false,false,false,false,false,false,false,false,false,false,false,true,false,true,false,false,false,false
360-Innovations_VaadinSmartGWT,0123,D:\ryosuke-ku\data_set\Git_20161108\0123\360-Innovations_VaadinSmartGWT\VaadinSmartGWT\org.vaadin.smartgwt\src\test\java\org\vaadin\smartgwt\server\util\JSONHelperTest.java,D:\ryosuke-ku\data_set\Git_20161108\0123\360-Innovations_VaadinSmartGWT\VaadinSmartGWT\org.vaadin.smartgwt\src\main\java\org\vaadin\smartgwt\server\util\JSONHelper.java,360-Innovations_VaadinSmartGWT/VaadinSmartGWT/org.vaadin.smartgwt/src/test/java/org/vaadin/smartgwt/server/util/JSONHelperTest.java,360-Innovations_VaadinSmartGWT/VaadinSmartGWT/org.vaadin.smartgwt/src/main/java/org/vaadin/smartgwt/server/util/JSONHelper.java,false,false,false,false,false,true,false,false,false,false,false,false,false,false,true,false,false,false,false,false,false
360-Innovations_binding,0123,D:\ryosuke-ku\data_set\Git_20161108\0123\360-Innovations_binding\binding\test\com\netappsid\binding\selection\SelectionHolderTest.java,D:\ryosuke-ku\data_set\Git_20161108\0123\360-Innovations_binding\binding\src\com\netappsid\binding\selection\SelectionHolder.java,360-Innovations_binding/binding/test/com/netappsid/binding/selection/SelectionHolderTest.java,360-Innovations_binding/binding/src/com/netappsid/binding/selection/SelectionHolder.java,false,false,false,false,false,false,true,false,false,false,false,false,false,true,true,false,false,false,false,true,false
58code_Gaea,0123,D:\ryosuke-ku\data_set\Git_20161108\0123\58code_Gaea\Gaea\serializer\test\Serializer\SerializerTest.java,D:\ryosuke-ku\data_set\Git_20161108\0123\58code_Gaea\Gaea\serializer\src\com\bj58\spat\gaea\serializer\serializer\Serializer.java,58code_Gaea/Gaea/serializer/test/Serializer/SerializerTest.java,58code_Gaea/Gaea/serializer/src/com/bj58/spat/gaea/serializer/serializer/Serializer.java,true,false,false,false,false,true,false,false,true,false,false,false,false,true,true,false,true,false,false,true,false
58code_Gaea,0123,D:\ryosuke-ku\data_set\Git_20161108\0123\58code_Gaea\Gaea\server\src\test\com\bj58\spat\gaea\server\util\IPTableTest.java,D:\ryosuke-ku\data_set\Git_20161108\0123\58code_Gaea\Gaea\server\src\util\com\bj58\spat\gaea\server\util\IPTable.java,58code_Gaea/Gaea/server/src/test/com/bj58/spat/gaea/server/util/IPTableTest.java,58code_Gaea/Gaea/server/src/util/com/bj58/spat/gaea/server/util/IPTable.java,true,false,false,false,false,false,false,false,false,false,false,false,false,true,true,false,false,false,false,false,false
360-Innovations_VaadinSmartGWT,0123,D:\ryosuke-ku\data_set\Git_20161108\0123\360-Innovations_VaadinSmartGWT\VaadinSmartGWT\org.vaadin.smartgwt\src\test\java\org\vaadin\smartgwt\server\form\fields\BooleanItemTest.java,D:\ryosuke-ku\data_set\Git_20161108\0123\360-Innovations_VaadinSmartGWT\VaadinSmartGWT\org.vaadin.smartgwt\src\main\java\org\vaadin\smartgwt\server\form\fields\BooleanItem.java,360-Innovations_VaadinSmartGWT/VaadinSmartGWT/org.vaadin.smartgwt/src/test/java/org/vaadin/smartgwt/server/form/fields/BooleanItemTest.java,360-Innovations_VaadinSmartGWT/VaadinSmartGWT/org.vaadin.smartgwt/src/main/java/org/vaadin/smartgwt/server/form/fields/BooleanItem.java,false,false,false,false,false,false,false,false,false,false,false,false,false,false,false,false,false,false,false,false,false
4thline_seamless,0123,D:\ryosuke-ku\data_set\Git_20161108\0123\4thline_seamless\seamless\util\src\test\java\org\seamless\test\util\URIUtilTest.java,D:\ryosuke-ku\data_set\Git_20161108\0123\4thline_seamless\seamless\util\src\main\java\org\seamless\util\URIUtil.java,4thline_seamless/seamless/util/src/test/java/org/seamless/test/util/URIUtilTest.java,4thline_seamless/seamless/util/src/main/java/org/seamless/util/URIUtil.java,true,false,false,false,false,true,false,false,false,false,true,false,false,true,false,true,false,false,false,false,false
360-Innovations_observable,0123,D:\ryosuke-ku\data_set\Git_20161108\0123\360-Innovations_observable\observable\test\com\netappsid\observable\internal\ObservableListIteratorTest.java,D:\ryosuke-ku\data_set\Git_20161108\0123\360-Innovations_observable\observable\src\com\netappsid\observable\ObservableListIterator.java,360-Innovations_observable/observable/test/com/netappsid/observable/internal/ObservableListIteratorTest.java,360-Innovations_observable/observable/src/com/netappsid/observable/ObservableListIterator.java,false,false,false,false,false,false,false,false,false,false,false,false,false,true,true,false,false,false,false,false,false
50onRed_mock-jedis,0123,D:\ryosuke-ku\data_set\Git_20161108\0123\50onRed_mock-jedis\mock-jedis\src\test\java\com\fiftyonred\mock_jedis\MockJedisPoolTest.java,D:\ryosuke-ku\data_set\Git_20161108\0123\50onRed_mock-jedis\mock-jedis\src\main\java\com\fiftyonred\mock_jedis\MockJedisPool.java,50onRed_mock-jedis/mock-jedis/src/test/java/com/fiftyonred/mock_jedis/MockJedisPoolTest.java,50onRed_mock-jedis/mock-jedis/src/main/java/com/fiftyonred/mock_jedis/MockJedisPool.java,false,false,false,false,false,false,false,false,false,false,false,false,false,true,false,false,true,false,false,false,false
360-Innovations_VaadinSmartGWT,0123,D:\ryosuke-ku\data_set\Git_20161108\0123\360-Innovations_VaadinSmartGWT\VaadinSmartGWT\org.vaadin.smartgwt\src\test\java\org\vaadin\smartgwt\server\builder\VLayoutBuilderTest.java,D:\ryosuke-ku\data_set\Git_20161108\0123\360-Innovations_VaadinSmartGWT\VaadinSmartGWT\org.vaadin.smartgwt\src\main\java\org\vaadin\smartgwt\server\builder\VLayoutBuilder.java,360-Innovations_VaadinSmartGWT/VaadinSmartGWT/org.vaadin.smartgwt/src/test/java/org/vaadin/smartgwt/server/builder/VLayoutBuilderTest.java,360-Innovations_VaadinSmartGWT/VaadinSmartGWT/org.vaadin.smartgwt/src/main/java/org/vaadin/smartgwt/server/builder/VLayoutBuilder.java,false,false,false,false,false,false,true,false,false,false,false,false,false,true,true,false,false,false,false,false,false
360-Innovations_binding,0123,D:\ryosuke-ku\data_set\Git_20161108\0123\360-Innovations_binding\binding\test\com\netappsid\binding\DynamicPresentationModelFactoryImplTest.java,D:\ryosuke-ku\data_set\Git_20161108\0123\360-Innovations_binding\binding\src\com\netappsid\binding\DynamicPresentationModelFactoryImpl.java,360-Innovations_binding/binding/test/com/netappsid/binding/DynamicPresentationModelFactoryImplTest.java,360-Innovations_binding/binding/src/com/netappsid/binding/DynamicPresentationModelFactoryImpl.java,false,false,false,false,false,false,false,false,false,false,false,false,false,false,true,false,true,false,false,false,false
58code_Gaea,0123,D:\ryosuke-ku\data_set\Git_20161108\0123\58code_Gaea\Gaea\protocol\src\test\java\com\bj58\spat\gaea\protocol\sfp\ProtocolHelperTest.java,D:\ryosuke-ku\data_set\Git_20161108\0123\58code_Gaea\Gaea\protocol\src\main\java\com\bj58\spat\gaea\protocol\utility\ProtocolHelper.java,58code_Gaea/Gaea/protocol/src/test/java/com/bj58/spat/gaea/protocol/sfp/ProtocolHelperTest.java,58code_Gaea/Gaea/protocol/src/main/java/com/bj58/spat/gaea/protocol/utility/ProtocolHelper.java,true,true,false,false,false,true,false,false,true,false,false,false,false,false,true,false,true,false,false,false,false
4thline_cling,0123,D:\ryosuke-ku\data_set\Git_20161108\0123\4thline_cling\cling\support\src\test\java\org\fourthline\cling\support\test\model\DIDLObjectTest.java,D:\ryosuke-ku\data_set\Git_20161108\0123\4thline_cling\cling\support\src\main\java\org\fourthline\cling\support\model\DIDLObject.java,4thline_cling/cling/support/src/test/java/org/fourthline/cling/support/test/model/DIDLObjectTest.java,4thline_cling/cling/support/src/main/java/org/fourthline/cling/support/model/DIDLObject.java,false,false,false,false,false,false,false,false,false,false,false,false,false,true,true,false,false,false,false,false,false
236371_ewolf-webgui,0123,D:\ryosuke-ku\data_set\Git_20161108\0123\236371_ewolf-webgui\ewolf-webgui\test\il\technion\ewolf\stash\crypto\EncryptedObjectTest.java,D:\ryosuke-ku\data_set\Git_20161108\0123\236371_ewolf-webgui\ewolf-webgui\src\il\technion\ewolf\stash\crypto\EncryptedObject.java,236371_ewolf-webgui/ewolf-webgui/test/il/technion/ewolf/stash/crypto/EncryptedObjectTest.java,236371_ewolf-webgui/ewolf-webgui/src/il/technion/ewolf/stash/crypto/EncryptedObject.java,true,true,false,false,false,true,false,false,false,false,false,false,false,true,true,false,false,false,false,false,false
360-Innovations_binding,0123,D:\ryosuke-ku\data_set\Git_20161108\0123\360-Innovations_binding\binding\test\com\netappsid\binding\beans\BeanAdapterTest.java,D:\ryosuke-ku\data_set\Git_20161108\0123\360-Innovations_binding\binding\src\com\netappsid\binding\beans\BeanAdapter.java,360-Innovations_binding/binding/test/com/netappsid/binding/beans/BeanAdapterTest.java,360-Innovations_binding/binding/src/com/netappsid/binding/beans/BeanAdapter.java,true,false,false,false,false,false,false,false,false,false,false,false,false,true,true,false,true,false,false,true,false
360-Innovations_observable,0123,D:\ryosuke-ku\data_set\Git_20161108\0123\360-Innovations_observable\observable\test\com\netappsid\observable\ClearAndAddAllBatchActionTest.java,D:\ryosuke-ku\data_set\Git_20161108\0123\360-Innovations_observable\observable\src\com\netappsid\observable\ClearAndAddAllBatchAction.java,360-Innovations_observable/observable/test/com/netappsid/observable/ClearAndAddAllBatchActionTest.java,360-Innovations_observable/observable/src/com/netappsid/observable/ClearAndAddAllBatchAction.java,false,false,false,false,false,false,false,false,false,false,false,false,false,false,false,false,true,false,false,false,false
360-Innovations_observable,0123,D:\ryosuke-ku\data_set\Git_20161108\0123\360-Innovations_observable\observable\test\com\netappsid\observable\ObservableUnsafeFilteredSubListTest.java,D:\ryosuke-ku\data_set\Git_20161108\0123\360-Innovations_observable\observable\src\com\netappsid\observable\ObservableUnsafeFilteredSubList.java,360-Innovations_observable/observable/test/com/netappsid/observable/ObservableUnsafeFilteredSubListTest.java,360-Innovations_observable/observable/src/com/netappsid/observable/ObservableUnsafeFilteredSubList.java,true,false,false,false,false,false,true,false,false,false,false,false,false,true,true,false,false,false,false,true,false
360-Innovations_binding,0123,D:\ryosuke-ku\data_set\Git_20161108\0123\360-Innovations_binding\binding\test\com\netappsid\undoredo\UndoRedoValueModelTest.java,D:\ryosuke-ku\data_set\Git_20161108\0123\360-Innovations_binding\binding\src\com\netappsid\undoredo\UndoRedoValueModel.java,360-Innovations_binding/binding/test/com/netappsid/undoredo/UndoRedoValueModelTest.java,360-Innovations_binding/binding/src/com/netappsid/undoredo/UndoRedoValueModel.java,false,false,false,false,false,false,false,false,false,false,false,false,false,true,false,false,true,false,false,false,false
3cky_bkemu-android,0123,D:\ryosuke-ku\data_set\Git_20161108\0123\3cky_bkemu-android\bkemu-android\tests\src\su\comp\bk\arch\memory\RandomAccessMemoryTest.java,D:\ryosuke-ku\data_set\Git_20161108\0123\3cky_bkemu-android\bkemu-android\src\su\comp\bk\arch\memory\RandomAccessMemory.java,3cky_bkemu-android/bkemu-android/tests/src/su/comp/bk/arch/memory/RandomAccessMemoryTest.java,3cky_bkemu-android/bkemu-android/src/su/comp/bk/arch/memory/RandomAccessMemory.java,true,false,false,false,false,false,false,false,false,false,false,false,false,true,true,true,false,false,false,true,false
360-Innovations_binding,0123,D:\ryosuke-ku\data_set\Git_20161108\0123\360-Innovations_binding\binding\test\com\netappsid\binding\beans\support\SwingIdentityPropertyChangeSupportTest.java,D:\ryosuke-ku\data_set\Git_20161108\0123\360-Innovations_binding\binding\src\com\netappsid\binding\beans\support\SwingIdentityPropertyChangeSupport.java,360-Innovations_binding/binding/test/com/netappsid/binding/beans/support/SwingIdentityPropertyChangeSupportTest.java,360-Innovations_binding/binding/src/com/netappsid/binding/beans/support/SwingIdentityPropertyChangeSupport.java,false,false,false,false,false,false,false,false,false,false,false,false,false,false,false,false,true,false,false,false,false
4thline_cling,0123,D:\ryosuke-ku\data_set\Git_20161108\0123\4thline_cling\cling\support\src\test\java\example\mediarenderer\AVTransportTest.java,D:\ryosuke-ku\data_set\Git_20161108\0123\4thline_cling\cling\support\src\main\java\org\fourthline\cling\support\model\AVTransport.java,4thline_cling/cling/support/src/test/java/example/mediarenderer/AVTransportTest.java,4thline_cling/cling/support/src/main/java/org/fourthline/cling/support/model/AVTransport.java,true,true,false,false,false,true,false,false,false,false,false,false,false,false,false,true,false,false,false,false,false
360-Innovations_observable,0123,D:\ryosuke-ku\data_set\Git_20161108\0123\360-Innovations_observable\observable\test\com\netappsid\observable\ObservableCollectionsTest.java,D:\ryosuke-ku\data_set\Git_20161108\0123\360-Innovations_observable\observable\src\com\netappsid\observable\ObservableCollections.java,360-Innovations_observable/observable/test/com/netappsid/observable/ObservableCollectionsTest.java,360-Innovations_observable/observable/src/com/netappsid/observable/ObservableCollections.java,false,false,false,false,false,false,false,false,false,false,false,false,false,false,false,false,false,false,false,true,false
236371_ewolf-webgui,0123,D:\ryosuke-ku\data_set\Git_20161108\0123\236371_ewolf-webgui\ewolf-webgui\test\il\technion\ewolf\server\jsonDataHandlers\NewsFeedFetcherTest.java,D:\ryosuke-ku\data_set\Git_20161108\0123\236371_ewolf-webgui\ewolf-webgui\src\il\technion\ewolf\server\jsonDataHandlers\NewsFeedFetcher.java,236371_ewolf-webgui/ewolf-webgui/test/il/technion/ewolf/server/jsonDataHandlers/NewsFeedFetcherTest.java,236371_ewolf-webgui/ewolf-webgui/src/il/technion/ewolf/server/jsonDataHandlers/NewsFeedFetcher.java,true,true,false,false,false,true,false,false,true,false,true,false,true,true,false,false,false,false,false,true,false
360-Innovations_observable,0123,D:\ryosuke-ku\data_set\Git_20161108\0123\360-Innovations_observable\observable\test\com\netappsid\observable\internal\ListDifferenceTest.java,D:\ryosuke-ku\data_set\Git_20161108\0123\360-Innovations_observable\observable\src\com\netappsid\observable\ListDifference.java,360-Innovations_observable/observable/test/com/netappsid/observable/internal/ListDifferenceTest.java,360-Innovations_observable/observable/src/com/netappsid/observable/ListDifference.java,true,false,false,false,false,false,false,false,false,false,false,false,false,false,true,false,false,false,false,true,false
236371_ewolf-webgui,0123,D:\ryosuke-ku\data_set\Git_20161108\0123\236371_ewolf-webgui\ewolf-webgui\test\il\technion\ewolf\server\jsonDataHandlers\InboxFetcherTest.java,D:\ryosuke-ku\data_set\Git_20161108\0123\236371_ewolf-webgui\ewolf-webgui\src\il\technion\ewolf\server\jsonDataHandlers\InboxFetcher.java,236371_ewolf-webgui/ewolf-webgui/test/il/technion/ewolf/server/jsonDataHandlers/InboxFetcherTest.java,236371_ewolf-webgui/ewolf-webgui/src/il/technion/ewolf/server/jsonDataHandlers/InboxFetcher.java,true,true,false,false,false,true,false,false,true,false,true,false,true,false,true,false,false,false,false,true,false
58code_Gaea,0123,D:\ryosuke-ku\data_set\Git_20161108\0123\58code_Gaea\Gaea\client\java\client\test\com\bj58\spat\gaea\client\configuration\ServiceConfigTest.java,D:\ryosuke-ku\data_set\Git_20161108\0123\58code_Gaea\Gaea\client\java\client\src\com\bj58\spat\gaea\client\configuration\ServiceConfig.java,58code_Gaea/Gaea/client/java/client/test/com/bj58/spat/gaea/client/configuration/ServiceConfigTest.java,58code_Gaea/Gaea/client/java/client/src/com/bj58/spat/gaea/client/configuration/ServiceConfig.java,false,false,false,false,false,false,false,false,false,false,false,false,false,false,false,false,false,false,false,false,false
360-Innovations_VaadinSmartGWT,0123,D:\ryosuke-ku\data_set\Git_20161108\0123\360-Innovations_VaadinSmartGWT\VaadinSmartGWT\org.vaadin.smartgwt\src\test\java\org\vaadin\smartgwt\server\grid\events\SelectionEventTest.java,D:\ryosuke-ku\data_set\Git_20161108\0123\360-Innovations_VaadinSmartGWT\VaadinSmartGWT\org.vaadin.smartgwt\src\main\java\org\vaadin\smartgwt\server\grid\events\SelectionEvent.java,360-Innovations_VaadinSmartGWT/VaadinSmartGWT/org.vaadin.smartgwt/src/test/java/org/vaadin/smartgwt/server/grid/events/SelectionEventTest.java,360-Innovations_VaadinSmartGWT/VaadinSmartGWT/org.vaadin.smartgwt/src/main/java/org/vaadin/smartgwt/server/grid/events/SelectionEvent.java,false,false,false,false,false,false,true,false,false,true,false,false,false,true,true,false,true,false,false,false,false
58code_Gaea,0123,D:\ryosuke-ku\data_set\Git_20161108\0123\58code_Gaea\Gaea\client\java\client\test\com\bj58\spat\gaea\client\AutoResetEventTest.java,D:\ryosuke-ku\data_set\Git_20161108\0123\58code_Gaea\Gaea\client\java\client\src\com\bj58\spat\gaea\client\utility\AutoResetEvent.java,58code_Gaea/Gaea/client/java/client/test/com/bj58/spat/gaea/client/AutoResetEventTest.java,58code_Gaea/Gaea/client/java/client/src/com/bj58/spat/gaea/client/utility/AutoResetEvent.java,false,false,false,false,false,true,false,false,true,false,false,false,false,true,true,false,true,false,false,false,false
58code_Gaea,0123,D:\ryosuke-ku\data_set\Git_20161108\0123\58code_Gaea\Gaea\server\src\test\com\bj58\spat\gaea\server\core\communication\http\RequestMappingTest.java,D:\ryosuke-ku\data_set\Git_20161108\0123\58code_Gaea\Gaea\server\src\core\com\bj58\spat\gaea\server\core\communication\http\RequestMapping.java,58code_Gaea/Gaea/server/src/test/com/bj58/spat/gaea/server/core/communication/http/RequestMappingTest.java,58code_Gaea/Gaea/server/src/core/com/bj58/spat/gaea/server/core/communication/http/RequestMapping.java,true,true,false,false,false,true,false,false,false,false,false,false,false,true,true,true,false,false,false,true,false
236371_ewolf-webgui,0123,D:\ryosuke-ku\data_set\Git_20161108\0123\236371_ewolf-webgui\ewolf-webgui\test\il\technion\ewolf\stash\StashTest.java,D:\ryosuke-ku\data_set\Git_20161108\0123\236371_ewolf-webgui\ewolf-webgui\src\il\technion\ewolf\stash\Stash.java,236371_ewolf-webgui/ewolf-webgui/test/il/technion/ewolf/stash/StashTest.java,236371_ewolf-webgui/ewolf-webgui/src/il/technion/ewolf/stash/Stash.java,true,true,false,false,false,true,false,false,true,true,false,false,false,true,true,false,false,false,false,true,false
360-Innovations_VaadinSmartGWT,0123,D:\ryosuke-ku\data_set\Git_20161108\0123\360-Innovations_VaadinSmartGWT\VaadinSmartGWT\org.vaadin.smartgwt\src\test\java\org\vaadin\smartgwt\server\builder\LabelBuilderTest.java,D:\ryosuke-ku\data_set\Git_20161108\0123\360-Innovations_VaadinSmartGWT\VaadinSmartGWT\org.vaadin.smartgwt\src\main\java\org\vaadin\smartgwt\server\builder\LabelBuilder.java,360-Innovations_VaadinSmartGWT/VaadinSmartGWT/org.vaadin.smartgwt/src/test/java/org/vaadin/smartgwt/server/builder/LabelBuilderTest.java,360-Innovations_VaadinSmartGWT/VaadinSmartGWT/org.vaadin.smartgwt/src/main/java/org/vaadin/smartgwt/server/builder/LabelBuilder.java,false,false,false,false,false,false,true,false,false,false,false,false,false,true,true,false,false,false,false,false,false
3cky_bkemu-android,0123,D:\ryosuke-ku\data_set\Git_20161108\0123\3cky_bkemu-android\bkemu-android\tests\src\su\comp\bk\arch\ComputerTest.java,D:\ryosuke-ku\data_set\Git_20161108\0123\3cky_bkemu-android\bkemu-android\src\su\comp\bk\arch\Computer.java,3cky_bkemu-android/bkemu-android/tests/src/su/comp/bk/arch/ComputerTest.java,3cky_bkemu-android/bkemu-android/src/su/comp/bk/arch/Computer.java,true,false,false,false,false,false,false,false,false,false,false,false,false,true,true,false,false,false,false,true,false
360-Innovations_observable,0123,D:\ryosuke-ku\data_set\Git_20161108\0123\360-Innovations_observable\observable\test\com\netappsid\observable\internal\ObservableIteratorTest.java,D:\ryosuke-ku\data_set\Git_20161108\0123\360-Innovations_observable\observable\src\com\netappsid\observable\ObservableIterator.java,360-Innovations_observable/observable/test/com/netappsid/observable/internal/ObservableIteratorTest.java,360-Innovations_observable/observable/src/com/netappsid/observable/ObservableIterator.java,false,false,false,false,false,false,false,false,false,false,false,false,false,true,false,false,false,false,false,false,false
13leaf_QADDroid,0123,D:\ryosuke-ku\data_set\Git_20161108\0123\13leaf_QADDroid\QADDroid\QADTest\src\com\qad\test\FilesTest.java,D:\ryosuke-ku\data_set\Git_20161108\0123\13leaf_QADDroid\QADDroid\QADDroid\src\com\qad\lang\Files.java,13leaf_QADDroid/QADDroid/QADTest/src/com/qad/test/FilesTest.java,13leaf_QADDroid/QADDroid/QADDroid/src/com/qad/lang/Files.java,true,true,false,false,false,true,false,true,false,false,false,false,false,true,false,false,false,false,true,false,false
360-Innovations_VaadinSmartGWT,0123,D:\ryosuke-ku\data_set\Git_20161108\0123\360-Innovations_VaadinSmartGWT\VaadinSmartGWT\org.vaadin.smartgwt\src\test\java\org\vaadin\smartgwt\server\grid\SelectionEventFactoryTest.java,D:\ryosuke-ku\data_set\Git_20161108\0123\360-Innovations_VaadinSmartGWT\VaadinSmartGWT\org.vaadin.smartgwt\src\main\java\org\vaadin\smartgwt\server\grid\SelectionEventFactory.java,360-Innovations_VaadinSmartGWT/VaadinSmartGWT/org.vaadin.smartgwt/src/test/java/org/vaadin/smartgwt/server/grid/SelectionEventFactoryTest.java,360-Innovations_VaadinSmartGWT/VaadinSmartGWT/org.vaadin.smartgwt/src/main/java/org/vaadin/smartgwt/server/grid/SelectionEventFactory.java,false,false,false,false,false,false,true,false,false,false,false,false,false,false,true,false,false,false,false,false,false
13leaf_QADDroid,0123,D:\ryosuke-ku\data_set\Git_20161108\0123\13leaf_QADDroid\QADDroid\QADTest\src\com\qad\lang\StringsTest.java,D:\ryosuke-ku\data_set\Git_20161108\0123\13leaf_QADDroid\QADDroid\QADDroid\src\com\qad\lang\Strings.java,13leaf_QADDroid/QADDroid/QADTest/src/com/qad/lang/StringsTest.java,13leaf_QADDroid/QADDroid/QADDroid/src/com/qad/lang/Strings.java,true,false,false,false,false,false,false,false,false,false,false,false,false,true,false,false,false,false,false,false,false
360-Innovations_observable,0123,D:\ryosuke-ku\data_set\Git_20161108\0123\360-Innovations_observable\observable\test\com\netappsid\observable\internal\ObservableFilteredListIteratorTest.java,D:\ryosuke-ku\data_set\Git_20161108\0123\360-Innovations_observable\observable\src\com\netappsid\observable\internal\ObservableFilteredListIterator.java,360-Innovations_observable/observable/test/com/netappsid/observable/internal/ObservableFilteredListIteratorTest.java,360-Innovations_observable/observable/src/com/netappsid/observable/internal/ObservableFilteredListIterator.java,false,false,false,false,false,false,false,false,false,false,false,false,false,true,true,false,false,false,false,true,false
0xCopy_RelaxFactory,0123,D:\ryosuke-ku\data_set\Git_20161108\0123\0xCopy_RelaxFactory\RelaxFactory\rxf-guice\src\test\java\rxf\couch\guice\CouchServiceProviderTest.java,D:\ryosuke-ku\data_set\Git_20161108\0123\0xCopy_RelaxFactory\RelaxFactory\rxf-guice\src\main\java\rxf\couch\guice\CouchServiceProvider.java,0xCopy_RelaxFactory/RelaxFactory/rxf-guice/src/test/java/rxf/couch/guice/CouchServiceProviderTest.java,0xCopy_RelaxFactory/RelaxFactory/rxf-guice/src/main/java/rxf/couch/guice/CouchServiceProvider.java,true,false,false,false,false,false,true,false,false,false,false,false,false,false,false,false,false,false,false,false,false
360-Innovations_binding,0123,D:\ryosuke-ku\data_set\Git_20161108\0123\360-Innovations_binding\binding\test\com\netappsid\binding\value\IndexedCollectionValueModelTest.java,D:\ryosuke-ku\data_set\Git_20161108\0123\360-Innovations_binding\binding\src\com\netappsid\binding\value\IndexedCollectionValueModel.java,360-Innovations_binding/binding/test/com/netappsid/binding/value/IndexedCollectionValueModelTest.java,360-Innovations_binding/binding/src/com/netappsid/binding/value/IndexedCollectionValueModel.java,true,false,false,false,false,false,true,false,false,false,false,false,false,true,true,false,false,false,false,true,false
360-Innovations_VaadinSmartGWT,0123,D:\ryosuke-ku\data_set\Git_20161108\0123\360-Innovations_VaadinSmartGWT\VaadinSmartGWT\org.vaadin.smartgwt\src\test\java\org\vaadin\smartgwt\server\data\RecordJSONUpdaterTest.java,D:\ryosuke-ku\data_set\Git_20161108\0123\360-Innovations_VaadinSmartGWT\VaadinSmartGWT\org.vaadin.smartgwt\src\main\java\org\vaadin\smartgwt\server\data\RecordJSONUpdater.java,360-Innovations_VaadinSmartGWT/VaadinSmartGWT/org.vaadin.smartgwt/src/test/java/org/vaadin/smartgwt/server/data/RecordJSONUpdaterTest.java,360-Innovations_VaadinSmartGWT/VaadinSmartGWT/org.vaadin.smartgwt/src/main/java/org/vaadin/smartgwt/server/data/RecordJSONUpdater.java,true,false,false,false,false,true,false,false,false,false,false,false,false,false,true,false,false,false,false,false,false
50onRed_mock-jedis,0123,D:\ryosuke-ku\data_set\Git_20161108\0123\50onRed_mock-jedis\mock-jedis\src\test\java\com\fiftyonred\mock_jedis\MockJedisClusterTest.java,D:\ryosuke-ku\data_set\Git_20161108\0123\50onRed_mock-jedis\mock-jedis\src\main\java\com\fiftyonred\mock_jedis\MockJedisCluster.java,50onRed_mock-jedis/mock-jedis/src/test/java/com/fiftyonred/mock_jedis/MockJedisClusterTest.java,50onRed_mock-jedis/mock-jedis/src/main/java/com/fiftyonred/mock_jedis/MockJedisCluster.java,false,false,false,false,false,false,false,false,false,false,false,false,false,true,false,false,false,false,false,false,false
360-Innovations_binding,0123,D:\ryosuke-ku\data_set\Git_20161108\0123\360-Innovations_binding\binding\test\com\netappsid\binding\DynamicPresentationModelTest.java,D:\ryosuke-ku\data_set\Git_20161108\0123\360-Innovations_binding\binding\src\com\netappsid\binding\DynamicPresentationModel.java,360-Innovations_binding/binding/test/com/netappsid/binding/DynamicPresentationModelTest.java,360-Innovations_binding/binding/src/com/netappsid/binding/DynamicPresentationModel.java,false,false,false,false,false,false,false,false,false,false,false,false,false,false,false,false,false,false,false,true,false
58code_Gaea,0123,D:\ryosuke-ku\data_set\Git_20161108\0123\58code_Gaea\Gaea\client\java\client\test\com\bj58\spat\gaea\client\utility\helper\TimeSpanHelperTest.java,D:\ryosuke-ku\data_set\Git_20161108\0123\58code_Gaea\Gaea\client\java\client\src\com\bj58\spat\gaea\client\utility\helper\TimeSpanHelper.java,58code_Gaea/Gaea/client/java/client/test/com/bj58/spat/gaea/client/utility/helper/TimeSpanHelperTest.java,58code_Gaea/Gaea/client/java/client/src/com/bj58/spat/gaea/client/utility/helper/TimeSpanHelper.java,true,false,true,false,false,true,false,false,true,false,false,false,false,false,false,false,false,false,false,false,false
360-Innovations_VaadinSmartGWT,0123,D:\ryosuke-ku\data_set\Git_20161108\0123\360-Innovations_VaadinSmartGWT\VaadinSmartGWT\org.vaadin.smartgwt\src\test\java\org\vaadin\smartgwt\server\data\RecordFactoryTest.java,D:\ryosuke-ku\data_set\Git_20161108\0123\360-Innovations_VaadinSmartGWT\VaadinSmartGWT\org.vaadin.smartgwt\src\main\java\org\vaadin\smartgwt\server\data\RecordFactory.java,360-Innovations_VaadinSmartGWT/VaadinSmartGWT/org.vaadin.smartgwt/src/test/java/org/vaadin/smartgwt/server/data/RecordFactoryTest.java,360-Innovations_VaadinSmartGWT/VaadinSmartGWT/org.vaadin.smartgwt/src/main/java/org/vaadin/smartgwt/server/data/RecordFactory.java,false,false,false,false,false,false,false,false,false,false,false,false,false,false,true,false,true,false,false,false,false
360-Innovations_VaadinSmartGWT,0123,D:\ryosuke-ku\data_set\Git_20161108\0123\360-Innovations_VaadinSmartGWT\VaadinSmartGWT\org.vaadin.smartgwt\src\test\java\org\vaadin\smartgwt\server\BaseWidgetTest.java,D:\ryosuke-ku\data_set\Git_20161108\0123\360-Innovations_VaadinSmartGWT\VaadinSmartGWT\org.vaadin.smartgwt\src\main\java\org\vaadin\smartgwt\server\BaseWidget.java,360-Innovations_VaadinSmartGWT/VaadinSmartGWT/org.vaadin.smartgwt/src/test/java/org/vaadin/smartgwt/server/BaseWidgetTest.java,360-Innovations_VaadinSmartGWT/VaadinSmartGWT/org.vaadin.smartgwt/src/main/java/org/vaadin/smartgwt/server/BaseWidget.java,false,false,false,false,false,true,false,false,false,false,false,false,false,true,false,false,true,false,false,false,false
58code_Gaea,0123,D:\ryosuke-ku\data_set\Git_20161108\0123\58code_Gaea\Gaea\server\src\test\com\bj58\spat\gaea\server\deploy\bytecode\ProxyClassCreaterTest.java,D:\ryosuke-ku\data_set\Git_20161108\0123\58code_Gaea\Gaea\server\src\deploy\com\bj58\spat\gaea\server\deploy\bytecode\ProxyClassCreater.java,58code_Gaea/Gaea/server/src/test/com/bj58/spat/gaea/server/deploy/bytecode/ProxyClassCreaterTest.java,58code_Gaea/Gaea/server/src/deploy/com/bj58/spat/gaea/server/deploy/bytecode/ProxyClassCreater.java,false,true,false,false,false,true,false,false,true,false,false,false,false,false,false,false,true,false,false,false,false
360-Innovations_observable,0123,D:\ryosuke-ku\data_set\Git_20161108\0123\360-Innovations_observable\observable\test\com\netappsid\observable\LazyInitializerListTest.java,D:\ryosuke-ku\data_set\Git_20161108\0123\360-Innovations_observable\observable\src\com\netappsid\observable\internal\LazyInitializerList.java,360-Innovations_observable/observable/test/com/netappsid/observable/LazyInitializerListTest.java,360-Innovations_observable/observable/src/com/netappsid/observable/internal/LazyInitializerList.java,false,false,false,false,false,false,false,false,false,false,false,false,false,true,true,false,true,false,false,false,false
58code_Gaea,0123,D:\ryosuke-ku\data_set\Git_20161108\0123\58code_Gaea\Gaea\server\src\test\com\bj58\spat\gaea\server\deploy\bytecode\ScanClassTest.java,D:\ryosuke-ku\data_set\Git_20161108\0123\58code_Gaea\Gaea\server\src\deploy\com\bj58\spat\gaea\server\deploy\bytecode\ScanClass.java,58code_Gaea/Gaea/server/src/test/com/bj58/spat/gaea/server/deploy/bytecode/ScanClassTest.java,58code_Gaea/Gaea/server/src/deploy/com/bj58/spat/gaea/server/deploy/bytecode/ScanClass.java,true,true,false,false,false,true,false,false,true,false,false,false,false,true,false,false,false,false,false,false,false
360-Innovations_VaadinSmartGWT,0123,D:\ryosuke-ku\data_set\Git_20161108\0123\360-Innovations_VaadinSmartGWT\VaadinSmartGWT\org.vaadin.smartgwt\src\test\java\org\vaadin\smartgwt\server\grid\ListGridTest.java,D:\ryosuke-ku\data_set\Git_20161108\0123\360-Innovations_VaadinSmartGWT\VaadinSmartGWT\org.vaadin.smartgwt\src\main\java\org\vaadin\smartgwt\server\grid\ListGrid.java,360-Innovations_VaadinSmartGWT/VaadinSmartGWT/org.vaadin.smartgwt/src/test/java/org/vaadin/smartgwt/server/grid/ListGridTest.java,360-Innovations_VaadinSmartGWT/VaadinSmartGWT/org.vaadin.smartgwt/src/main/java/org/vaadin/smartgwt/server/grid/ListGrid.java,true,false,false,false,false,true,true,false,false,false,false,false,false,true,true,false,true,false,false,true,false
360-Innovations_VaadinSmartGWT,0123,D:\ryosuke-ku\data_set\Git_20161108\0123\360-Innovations_VaadinSmartGWT\VaadinSmartGWT\org.vaadin.smartgwt\src\test\java\org\vaadin\smartgwt\server\builder\CanvasBuilderTest.java,D:\ryosuke-ku\data_set\Git_20161108\0123\360-Innovations_VaadinSmartGWT\VaadinSmartGWT\org.vaadin.smartgwt\src\main\java\org\vaadin\smartgwt\server\builder\CanvasBuilder.java,360-Innovations_VaadinSmartGWT/VaadinSmartGWT/org.vaadin.smartgwt/src/test/java/org/vaadin/smartgwt/server/builder/CanvasBuilderTest.java,360-Innovations_VaadinSmartGWT/VaadinSmartGWT/org.vaadin.smartgwt/src/main/java/org/vaadin/smartgwt/server/builder/CanvasBuilder.java,false,false,false,false,false,false,true,false,false,false,false,false,false,true,true,false,true,false,false,true,false
4thline_cling,0123,D:\ryosuke-ku\data_set\Git_20161108\0123\4thline_cling\cling\support\src\test\java\example\mediarenderer\LastChangeTest.java,D:\ryosuke-ku\data_set\Git_20161108\0123\4thline_cling\cling\support\src\main\java\org\fourthline\cling\support\lastchange\LastChange.java,4thline_cling/cling/support/src/test/java/example/mediarenderer/LastChangeTest.java,4thline_cling/cling/support/src/main/java/org/fourthline/cling/support/lastchange/LastChange.java,true,true,false,false,false,true,false,false,false,false,true,false,false,true,true,false,false,false,false,true,false
360-Innovations_VaadinSmartGWT,0123,D:\ryosuke-ku\data_set\Git_20161108\0123\360-Innovations_VaadinSmartGWT\VaadinSmartGWT\org.vaadin.smartgwt\src\test\java\org\vaadin\smartgwt\server\builder\HLayoutBuilderTest.java,D:\ryosuke-ku\data_set\Git_20161108\0123\360-Innovations_VaadinSmartGWT\VaadinSmartGWT\org.vaadin.smartgwt\src\main\java\org\vaadin\smartgwt\server\builder\HLayoutBuilder.java,360-Innovations_VaadinSmartGWT/VaadinSmartGWT/org.vaadin.smartgwt/src/test/java/org/vaadin/smartgwt/server/builder/HLayoutBuilderTest.java,360-Innovations_VaadinSmartGWT/VaadinSmartGWT/org.vaadin.smartgwt/src/main/java/org/vaadin/smartgwt/server/builder/HLayoutBuilder.java,false,false,false,false,false,false,true,false,false,false,false,false,false,true,true,false,false,false,false,false,false
0xCopy_RelaxFactory,0123,D:\ryosuke-ku\data_set\Git_20161108\0123\0xCopy_RelaxFactory\RelaxFactory\rxf-couch\src\test\java\rxf\couch\gen\CouchServiceTest.java,D:\ryosuke-ku\data_set\Git_20161108\0123\0xCopy_RelaxFactory\RelaxFactory\rxf-couch\src\main\java\rxf\couch\CouchService.java,0xCopy_RelaxFactory/RelaxFactory/rxf-couch/src/test/java/rxf/couch/gen/CouchServiceTest.java,0xCopy_RelaxFactory/RelaxFactory/rxf-couch/src/main/java/rxf/couch/CouchService.java,true,true,false,false,false,true,false,false,false,false,false,false,false,true,true,false,false,false,false,true,false
360-Innovations_VaadinSmartGWT,0123,D:\ryosuke-ku\data_set\Git_20161108\0123\360-Innovations_VaadinSmartGWT\VaadinSmartGWT\org.vaadin.smartgwt\src\test\java\org\vaadin\smartgwt\server\extra\RefresherTest.java,D:\ryosuke-ku\data_set\Git_20161108\0123\360-Innovations_VaadinSmartGWT\VaadinSmartGWT\org.vaadin.smartgwt\src\main\java\org\vaadin\smartgwt\server\extra\Refresher.java,360-Innovations_VaadinSmartGWT/VaadinSmartGWT/org.vaadin.smartgwt/src/test/java/org/vaadin/smartgwt/server/extra/RefresherTest.java,360-Innovations_VaadinSmartGWT/VaadinSmartGWT/org.vaadin.smartgwt/src/main/java/org/vaadin/smartgwt/server/extra/Refresher.java,false,false,false,false,false,true,false,false,false,false,false,false,false,true,true,false,false,false,false,true,false
360-Innovations_VaadinSmartGWT,0123,D:\ryosuke-ku\data_set\Git_20161108\0123\360-Innovations_VaadinSmartGWT\VaadinSmartGWT\org.vaadin.smartgwt\src\test\java\org\vaadin\smartgwt\server\builder\BaseWidgetBuilderTest.java,D:\ryosuke-ku\data_set\Git_20161108\0123\360-Innovations_VaadinSmartGWT\VaadinSmartGWT\org.vaadin.smartgwt\src\main\java\org\vaadin\smartgwt\server\builder\BaseWidgetBuilder.java,360-Innovations_VaadinSmartGWT/VaadinSmartGWT/org.vaadin.smartgwt/src/test/java/org/vaadin/smartgwt/server/builder/BaseWidgetBuilderTest.java,360-Innovations_VaadinSmartGWT/VaadinSmartGWT/org.vaadin.smartgwt/src/main/java/org/vaadin/smartgwt/server/builder/BaseWidgetBuilder.java,false,false,false,false,false,false,false,false,false,false,false,false,false,false,false,false,false,false,false,false,false
360-Innovations_binding,0123,D:\ryosuke-ku\data_set\Git_20161108\0123\360-Innovations_binding\binding\test\com\netappsid\undoredo\UndoRedoCollectionValueModelTest.java,D:\ryosuke-ku\data_set\Git_20161108\0123\360-Innovations_binding\binding\src\com\netappsid\undoredo\UndoRedoCollectionValueModel.java,360-Innovations_binding/binding/test/com/netappsid/undoredo/UndoRedoCollectionValueModelTest.java,360-Innovations_binding/binding/src/com/netappsid/undoredo/UndoRedoCollectionValueModel.java,false,false,false,false,false,false,true,false,false,false,false,false,false,true,true,false,true,false,false,false,false
360-Innovations_binding,0123,D:\ryosuke-ku\data_set\Git_20161108\0123\360-Innovations_binding\binding\test\com\netappsid\undoredo\UndoRedoManagerTest.java,D:\ryosuke-ku\data_set\Git_20161108\0123\360-Innovations_binding\binding\src\com\netappsid\undoredo\UndoRedoManager.java,360-Innovations_binding/binding/test/com/netappsid/undoredo/UndoRedoManagerTest.java,360-Innovations_binding/binding/src/com/netappsid/undoredo/UndoRedoManager.java,false,false,false,false,false,false,true,false,false,false,false,false,false,true,true,false,false,false,false,true,false
50onRed_mock-jedis,0123,D:\ryosuke-ku\data_set\Git_20161108\0123\50onRed_mock-jedis\mock-jedis\src\test\java\com\fiftyonred\mock_jedis\MockJedisTest.java,D:\ryosuke-ku\data_set\Git_20161108\0123\50onRed_mock-jedis\mock-jedis\src\main\java\com\fiftyonred\mock_jedis\MockJedis.java,50onRed_mock-jedis/mock-jedis/src/test/java/com/fiftyonred/mock_jedis/MockJedisTest.java,50onRed_mock-jedis/mock-jedis/src/main/java/com/fiftyonred/mock_jedis/MockJedis.java,true,false,false,false,false,true,false,false,false,false,false,false,false,true,true,true,false,false,false,true,false
236371_ewolf-webgui,0123,D:\ryosuke-ku\data_set\Git_20161108\0123\236371_ewolf-webgui\ewolf-webgui\test\il\technion\ewolf\server\jsonDataHandlers\WolfpackMembersFetcherTest.java,D:\ryosuke-ku\data_set\Git_20161108\0123\236371_ewolf-webgui\ewolf-webgui\src\il\technion\ewolf\server\jsonDataHandlers\WolfpackMembersFetcher.java,236371_ewolf-webgui/ewolf-webgui/test/il/technion/ewolf/server/jsonDataHandlers/WolfpackMembersFetcherTest.java,236371_ewolf-webgui/ewolf-webgui/src/il/technion/ewolf/server/jsonDataHandlers/WolfpackMembersFetcher.java,true,true,false,false,false,true,false,false,true,false,false,false,true,true,true,true,false,false,false,true,false
3cky_bkemu-android,0123,D:\ryosuke-ku\data_set\Git_20161108\0123\3cky_bkemu-android\bkemu-android\tests\src\su\comp\bk\arch\cpu\opcode\ConditionCodeOpcodesTest.java,D:\ryosuke-ku\data_set\Git_20161108\0123\3cky_bkemu-android\bkemu-android\src\su\comp\bk\arch\cpu\opcode\ConditionCodeOpcodes.java,3cky_bkemu-android/bkemu-android/tests/src/su/comp/bk/arch/cpu/opcode/ConditionCodeOpcodesTest.java,3cky_bkemu-android/bkemu-android/src/su/comp/bk/arch/cpu/opcode/ConditionCodeOpcodes.java,true,false,false,false,false,false,false,false,false,false,false,false,false,false,false,true,false,false,false,true,false
360-Innovations_VaadinSmartGWT,0123,D:\ryosuke-ku\data_set\Git_20161108\0123\360-Innovations_VaadinSmartGWT\VaadinSmartGWT\org.vaadin.smartgwt\src\test\java\org\vaadin\smartgwt\server\builder\DynamicFormBuilderTest.java,D:\ryosuke-ku\data_set\Git_20161108\0123\360-Innovations_VaadinSmartGWT\VaadinSmartGWT\org.vaadin.smartgwt\src\main\java\org\vaadin\smartgwt\server\builder\DynamicFormBuilder.java,360-Innovations_VaadinSmartGWT/VaadinSmartGWT/org.vaadin.smartgwt/src/test/java/org/vaadin/smartgwt/server/builder/DynamicFormBuilderTest.java,360-Innovations_VaadinSmartGWT/VaadinSmartGWT/org.vaadin.smartgwt/src/main/java/org/vaadin/smartgwt/server/builder/DynamicFormBuilder.java,false,false,false,false,false,false,true,false,false,false,false,false,false,true,true,false,true,false,false,true,false
58code_Gaea,0123,D:\ryosuke-ku\data_set\Git_20161108\0123\58code_Gaea\Gaea\server\src\test\com\bj58\spat\gaea\server\performance\commandhelper\ExecTest.java,D:\ryosuke-ku\data_set\Git_20161108\0123\58code_Gaea\Gaea\server\src\performance\com\bj58\spat\gaea\server\performance\commandhelper\Exec.java,58code_Gaea/Gaea/server/src/test/com/bj58/spat/gaea/server/performance/commandhelper/ExecTest.java,58code_Gaea/Gaea/server/src/performance/com/bj58/spat/gaea/server/performance/commandhelper/Exec.java,true,false,false,false,false,false,false,false,false,false,false,false,false,true,false,false,false,false,false,false,false
360-Innovations_VaadinSmartGWT,0123,D:\ryosuke-ku\data_set\Git_20161108\0123\360-Innovations_VaadinSmartGWT\VaadinSmartGWT\org.vaadin.smartgwt\src\test\java\org\vaadin\smartgwt\server\builder\LayoutBuilderTest.java,D:\ryosuke-ku\data_set\Git_20161108\0123\360-Innovations_VaadinSmartGWT\VaadinSmartGWT\org.vaadin.smartgwt\src\main\java\org\vaadin\smartgwt\server\builder\LayoutBuilder.java,360-Innovations_VaadinSmartGWT/VaadinSmartGWT/org.vaadin.smartgwt/src/test/java/org/vaadin/smartgwt/server/builder/LayoutBuilderTest.java,360-Innovations_VaadinSmartGWT/VaadinSmartGWT/org.vaadin.smartgwt/src/main/java/org/vaadin/smartgwt/server/builder/LayoutBuilder.java,false,false,false,false,false,false,true,false,false,false,false,false,false,true,true,false,true,false,false,true,false
236371_ewolf-webgui,0123,D:\ryosuke-ku\data_set\Git_20161108\0123\236371_ewolf-webgui\ewolf-webgui\test\il\technion\ewolf\socialfs\SocialFSTest.java,D:\ryosuke-ku\data_set\Git_20161108\0123\236371_ewolf-webgui\ewolf-webgui\src\il\technion\ewolf\socialfs\SocialFS.java,236371_ewolf-webgui/ewolf-webgui/test/il/technion/ewolf/socialfs/SocialFSTest.java,236371_ewolf-webgui/ewolf-webgui/src/il/technion/ewolf/socialfs/SocialFS.java,true,true,false,false,false,true,false,false,true,false,false,false,true,true,true,false,false,false,false,false,false
360-Innovations_binding,0123,D:\ryosuke-ku\data_set\Git_20161108\0123\360-Innovations_binding\binding\test\com\netappsid\binding\value\CollectionValueHolderTest.java,D:\ryosuke-ku\data_set\Git_20161108\0123\360-Innovations_binding\binding\src\com\netappsid\binding\value\CollectionValueHolder.java,360-Innovations_binding/binding/test/com/netappsid/binding/value/CollectionValueHolderTest.java,360-Innovations_binding/binding/src/com/netappsid/binding/value/CollectionValueHolder.java,true,false,false,false,false,false,true,false,false,false,false,false,false,true,true,false,false,false,false,true,false
360-Innovations_observable,0123,D:\ryosuke-ku\data_set\Git_20161108\0123\360-Innovations_observable\observable\test\com\netappsid\observable\ArrayListSetTest.java,D:\ryosuke-ku\data_set\Git_20161108\0123\360-Innovations_observable\observable\src\com\netappsid\collection\ArrayListSet.java,360-Innovations_observable/observable/test/com/netappsid/observable/ArrayListSetTest.java,360-Innovations_observable/observable/src/com/netappsid/collection/ArrayListSet.java,false,false,false,false,false,false,false,false,false,false,false,false,false,true,true,false,false,false,false,true,false
360-Innovations_VaadinSmartGWT,0123,D:\ryosuke-ku\data_set\Git_20161108\0123\360-Innovations_VaadinSmartGWT\VaadinSmartGWT\org.vaadin.smartgwt\src\test\java\org\vaadin\smartgwt\server\HTMLPaneTest.java,D:\ryosuke-ku\data_set\Git_20161108\0123\360-Innovations_VaadinSmartGWT\VaadinSmartGWT\org.vaadin.smartgwt\src\main\java\org\vaadin\smartgwt\server\HTMLPane.java,360-Innovations_VaadinSmartGWT/VaadinSmartGWT/org.vaadin.smartgwt/src/test/java/org/vaadin/smartgwt/server/HTMLPaneTest.java,360-Innovations_VaadinSmartGWT/VaadinSmartGWT/org.vaadin.smartgwt/src/main/java/org/vaadin/smartgwt/server/HTMLPane.java,false,false,false,false,false,false,false,false,false,false,false,false,false,true,true,false,false,false,false,false,false
360-Innovations_VaadinSmartGWT,0123,D:\ryosuke-ku\data_set\Git_20161108\0123\360-Innovations_VaadinSmartGWT\VaadinSmartGWT\org.vaadin.smartgwt\src\test\java\org\vaadin\smartgwt\server\layout\MasterContainerTest.java,D:\ryosuke-ku\data_set\Git_20161108\0123\360-Innovations_VaadinSmartGWT\VaadinSmartGWT\org.vaadin.smartgwt\src\main\java\org\vaadin\smartgwt\server\layout\MasterContainer.java,360-Innovations_VaadinSmartGWT/VaadinSmartGWT/org.vaadin.smartgwt/src/test/java/org/vaadin/smartgwt/server/layout/MasterContainerTest.java,360-Innovations_VaadinSmartGWT/VaadinSmartGWT/org.vaadin.smartgwt/src/main/java/org/vaadin/smartgwt/server/layout/MasterContainer.java,false,false,false,false,false,true,false,false,false,false,false,false,false,true,true,false,true,false,false,false,false
58code_Gaea,0123,D:\ryosuke-ku\data_set\Git_20161108\0123\58code_Gaea\Gaea\server\src\test\com\bj58\spat\gaea\server\performance\CommandTest.java,D:\ryosuke-ku\data_set\Git_20161108\0123\58code_Gaea\Gaea\server\src\performance\com\bj58\spat\gaea\server\performance\Command.java,58code_Gaea/Gaea/server/src/test/com/bj58/spat/gaea/server/performance/CommandTest.java,58code_Gaea/Gaea/server/src/performance/com/bj58/spat/gaea/server/performance/Command.java,true,false,false,false,false,false,false,false,false,false,false,false,false,true,false,false,false,false,false,true,false
58code_Gaea,0123,D:\ryosuke-ku\data_set\Git_20161108\0123\58code_Gaea\Gaea\server\src\test\com\bj58\spat\gaea\server\performance\commandhelper\TimeTest.java,D:\ryosuke-ku\data_set\Git_20161108\0123\58code_Gaea\Gaea\server\src\performance\com\bj58\spat\gaea\server\performance\commandhelper\Time.java,58code_Gaea/Gaea/server/src/test/com/bj58/spat/gaea/server/performance/commandhelper/TimeTest.java,58code_Gaea/Gaea/server/src/performance/com/bj58/spat/gaea/server/performance/commandhelper/Time.java,true,false,false,false,false,false,false,false,false,false,false,false,false,true,false,false,false,false,false,true,false
58code_Gaea,0123,D:\ryosuke-ku\data_set\Git_20161108\0123\58code_Gaea\Gaea\server\src\test\com\bj58\spat\gaea\server\secure\DESHelperTest.java,D:\ryosuke-ku\data_set\Git_20161108\0123\58code_Gaea\Gaea\server\src\secure\com\bj58\spat\gaea\server\secure\DESHelper.java,58code_Gaea/Gaea/server/src/test/com/bj58/spat/gaea/server/secure/DESHelperTest.java,58code_Gaea/Gaea/server/src/secure/com/bj58/spat/gaea/server/secure/DESHelper.java,false,false,false,false,false,true,false,false,false,false,false,false,false,true,true,false,false,false,false,false,false
4thline_seamless,0123,D:\ryosuke-ku\data_set\Git_20161108\0123\4thline_seamless\seamless\util\src\test\java\org\seamless\test\util\MimeTypeTest.java,D:\ryosuke-ku\data_set\Git_20161108\0123\4thline_seamless\seamless\util\src\main\java\org\seamless\util\MimeType.java,4thline_seamless/seamless/util/src/test/java/org/seamless/test/util/MimeTypeTest.java,4thline_seamless/seamless/util/src/main/java/org/seamless/util/MimeType.java,true,false,false,false,false,false,false,false,false,false,true,false,false,true,true,true,false,false,false,true,false
360-Innovations_binding,0123,D:\ryosuke-ku\data_set\Git_20161108\0123\360-Innovations_binding\binding\test\com\netappsid\binding\DefaultPresentationModelTest.java,D:\ryosuke-ku\data_set\Git_20161108\0123\360-Innovations_binding\binding\src\com\netappsid\binding\DefaultPresentationModel.java,360-Innovations_binding/binding/test/com/netappsid/binding/DefaultPresentationModelTest.java,360-Innovations_binding/binding/src/com/netappsid/binding/DefaultPresentationModel.java,true,false,false,false,false,false,false,false,false,false,false,false,false,true,false,false,false,false,false,false,false
360-Innovations_observable,0123,D:\ryosuke-ku\data_set\Git_20161108\0123\360-Innovations_observable\observable\test\com\netappsid\observable\internal\ListSetIteratorTest.java,D:\ryosuke-ku\data_set\Git_20161108\0123\360-Innovations_observable\observable\src\com\netappsid\collection\internal\ListSetIterator.java,360-Innovations_observable/observable/test/com/netappsid/observable/internal/ListSetIteratorTest.java,360-Innovations_observable/observable/src/com/netappsid/collection/internal/ListSetIterator.java,false,true,false,false,false,false,false,false,false,false,false,false,false,true,true,false,true,false,false,false,false
360-Innovations_VaadinSmartGWT,0123,D:\ryosuke-ku\data_set\Git_20161108\0123\360-Innovations_VaadinSmartGWT\VaadinSmartGWT\org.vaadin.smartgwt\src\test\java\org\vaadin\smartgwt\server\util\SCTest.java,D:\ryosuke-ku\data_set\Git_20161108\0123\360-Innovations_VaadinSmartGWT\VaadinSmartGWT\org.vaadin.smartgwt\src\main\java\org\vaadin\smartgwt\server\util\SC.java,360-Innovations_VaadinSmartGWT/VaadinSmartGWT/org.vaadin.smartgwt/src/test/java/org/vaadin/smartgwt/server/util/SCTest.java,360-Innovations_VaadinSmartGWT/VaadinSmartGWT/org.vaadin.smartgwt/src/main/java/org/vaadin/smartgwt/server/util/SC.java,false,false,false,false,false,false,false,false,false,false,false,false,false,true,true,false,true,false,false,false,false
4thline_cling,0123,D:\ryosuke-ku\data_set\Git_20161108\0123\4thline_cling\cling\support\src\test\java\example\igd\PortMappingTest.java,D:\ryosuke-ku\data_set\Git_20161108\0123\4thline_cling\cling\support\src\main\java\org\fourthline\cling\support\model\PortMapping.java,4thline_cling/cling/support/src/test/java/example/igd/PortMappingTest.java,4thline_cling/cling/support/src/main/java/org/fourthline/cling/support/model/PortMapping.java,true,true,false,false,false,true,false,false,false,false,false,false,false,true,false,false,true,false,false,true,false
3cky_bkemu-android,0123,D:\ryosuke-ku\data_set\Git_20161108\0123\3cky_bkemu-android\bkemu-android\tests\src\su\comp\bk\arch\io\TimerTest.java,D:\ryosuke-ku\data_set\Git_20161108\0123\3cky_bkemu-android\bkemu-android\src\su\comp\bk\arch\io\Timer.java,3cky_bkemu-android/bkemu-android/tests/src/su/comp/bk/arch/io/TimerTest.java,3cky_bkemu-android/bkemu-android/src/su/comp/bk/arch/io/Timer.java,true,false,false,false,false,false,false,false,false,false,false,false,false,false,false,true,false,false,false,true,false
4thline_seamless,0123,D:\ryosuke-ku\data_set\Git_20161108\0123\4thline_seamless\seamless\http\src\test\java\org\seamless\test\http\HeadersTest.java,D:\ryosuke-ku\data_set\Git_20161108\0123\4thline_seamless\seamless\http\src\main\java\org\seamless\http\Headers.java,4thline_seamless/seamless/http/src/test/java/org/seamless/test/http/HeadersTest.java,4thline_seamless/seamless/http/src/main/java/org/seamless/http/Headers.java,false,false,false,false,false,false,false,false,false,false,false,false,false,true,true,false,false,false,false,false,false
360-Innovations_VaadinSmartGWT,0123,D:\ryosuke-ku\data_set\Git_20161108\0123\360-Innovations_VaadinSmartGWT\VaadinSmartGWT\org.vaadin.smartgwt\src\test\java\org\vaadin\smartgwt\server\tab\TabSetTest.java,D:\ryosuke-ku\data_set\Git_20161108\0123\360-Innovations_VaadinSmartGWT\VaadinSmartGWT\org.vaadin.smartgwt\src\main\java\org\vaadin\smartgwt\server\tab\TabSet.java,360-Innovations_VaadinSmartGWT/VaadinSmartGWT/org.vaadin.smartgwt/src/test/java/org/vaadin/smartgwt/server/tab/TabSetTest.java,360-Innovations_VaadinSmartGWT/VaadinSmartGWT/org.vaadin.smartgwt/src/main/java/org/vaadin/smartgwt/server/tab/TabSet.java,false,false,false,false,false,true,false,false,false,false,false,false,false,true,true,false,true,false,false,false,false
3cky_bkemu-android,0123,D:\ryosuke-ku\data_set\Git_20161108\0123\3cky_bkemu-android\bkemu-android\tests\src\su\comp\bk\arch\memory\ReadOnlyMemoryTest.java,D:\ryosuke-ku\data_set\Git_20161108\0123\3cky_bkemu-android\bkemu-android\src\su\comp\bk\arch\memory\ReadOnlyMemory.java,3cky_bkemu-android/bkemu-android/tests/src/su/comp/bk/arch/memory/ReadOnlyMemoryTest.java,3cky_bkemu-android/bkemu-android/src/su/comp/bk/arch/memory/ReadOnlyMemory.java,true,false,false,false,false,false,false,false,false,false,false,false,false,true,true,true,false,false,false,true,false
360-Innovations_VaadinSmartGWT,0123,D:\ryosuke-ku\data_set\Git_20161108\0123\360-Innovations_VaadinSmartGWT\VaadinSmartGWT\org.vaadin.smartgwt\src\test\java\org\vaadin\smartgwt\server\layout\BorderLayoutTest.java,D:\ryosuke-ku\data_set\Git_20161108\0123\360-Innovations_VaadinSmartGWT\VaadinSmartGWT\org.vaadin.smartgwt\src\main\java\org\vaadin\smartgwt\server\layout\BorderLayout.java,360-Innovations_VaadinSmartGWT/VaadinSmartGWT/org.vaadin.smartgwt/src/test/java/org/vaadin/smartgwt/server/layout/BorderLayoutTest.java,360-Innovations_VaadinSmartGWT/VaadinSmartGWT/org.vaadin.smartgwt/src/main/java/org/vaadin/smartgwt/server/layout/BorderLayout.java,true,false,false,false,false,false,true,false,false,false,false,false,false,true,true,false,false,false,false,true,false
360-Innovations_VaadinSmartGWT,0123,D:\ryosuke-ku\data_set\Git_20161108\0123\360-Innovations_VaadinSmartGWT\VaadinSmartGWT\org.vaadin.smartgwt\src\test\java\org\vaadin\smartgwt\server\WindowTest.java,D:\ryosuke-ku\data_set\Git_20161108\0123\360-Innovations_VaadinSmartGWT\VaadinSmartGWT\org.vaadin.smartgwt\src\main\java\org\vaadin\smartgwt\server\Window.java,360-Innovations_VaadinSmartGWT/VaadinSmartGWT/org.vaadin.smartgwt/src/test/java/org/vaadin/smartgwt/server/WindowTest.java,360-Innovations_VaadinSmartGWT/VaadinSmartGWT/org.vaadin.smartgwt/src/main/java/org/vaadin/smartgwt/server/Window.java,false,false,false,false,false,true,false,false,false,false,false,false,false,true,true,false,true,false,false,false,false
360-Innovations_observable,0123,D:\ryosuke-ku\data_set\Git_20161108\0123\360-Innovations_observable\observable\test\com\netappsid\observable\ObservableMapDecoratorTest.java,D:\ryosuke-ku\data_set\Git_20161108\0123\360-Innovations_observable\observable\src\com\netappsid\observable\ObservableMapDecorator.java,360-Innovations_observable/observable/test/com/netappsid/observable/ObservableMapDecoratorTest.java,360-Innovations_observable/observable/src/com/netappsid/observable/ObservableMapDecorator.java,false,false,false,false,false,false,false,false,false,false,false,false,false,true,true,false,false,false,false,false,false
360-Innovations_observable,0123,D:\ryosuke-ku\data_set\Git_20161108\0123\360-Innovations_observable\observable\test\com\netappsid\observable\test\ObservableUnsafeFilteredSubListTest.java,D:\ryosuke-ku\data_set\Git_20161108\0123\360-Innovations_observable\observable\src\com\netappsid\observable\ObservableUnsafeFilteredSubList.java,360-Innovations_observable/observable/test/com/netappsid/observable/test/ObservableUnsafeFilteredSubListTest.java,360-Innovations_observable/observable/src/com/netappsid/observable/ObservableUnsafeFilteredSubList.java,false,false,false,false,false,false,true,false,false,false,false,false,false,false,true,false,false,false,false,false,false
0xCopy_RelaxFactory,0123,D:\ryosuke-ku\data_set\Git_20161108\0123\0xCopy_RelaxFactory\RelaxFactory\rxf-couch\src\test\java\rxf\couch\gen\CouchDriverTest.java,D:\ryosuke-ku\data_set\Git_20161108\0123\0xCopy_RelaxFactory\RelaxFactory\rxf-couch\src\main\java\rxf\couch\gen\CouchDriver.java,0xCopy_RelaxFactory/RelaxFactory/rxf-couch/src/test/java/rxf/couch/gen/CouchDriverTest.java,0xCopy_RelaxFactory/RelaxFactory/rxf-couch/src/main/java/rxf/couch/gen/CouchDriver.java,true,false,false,false,false,true,true,false,false,false,true,false,false,true,true,true,false,false,false,true,false
360-Innovations_VaadinSmartGWT,0123,D:\ryosuke-ku\data_set\Git_20161108\0123\360-Innovations_VaadinSmartGWT\VaadinSmartGWT\org.vaadin.smartgwt\src\test\java\org\vaadin\smartgwt\server\form\fields\PickerIconTest.java,D:\ryosuke-ku\data_set\Git_20161108\0123\360-Innovations_VaadinSmartGWT\VaadinSmartGWT\org.vaadin.smartgwt\src\main\java\org\vaadin\smartgwt\server\form\fields\PickerIcon.java,360-Innovations_VaadinSmartGWT/VaadinSmartGWT/org.vaadin.smartgwt/src/test/java/org/vaadin/smartgwt/server/form/fields/PickerIconTest.java,360-Innovations_VaadinSmartGWT/VaadinSmartGWT/org.vaadin.smartgwt/src/main/java/org/vaadin/smartgwt/server/form/fields/PickerIcon.java,false,false,false,false,false,false,false,false,false,false,false,false,false,false,false,false,false,false,false,false,false
58code_Gaea,0123,D:\ryosuke-ku\data_set\Git_20161108\0123\58code_Gaea\Gaea\server\src\test\com\bj58\spat\gaea\server\secure\RSAHelperTest.java,D:\ryosuke-ku\data_set\Git_20161108\0123\58code_Gaea\Gaea\server\src\secure\com\bj58\spat\gaea\server\secure\RSAHelper.java,58code_Gaea/Gaea/server/src/test/com/bj58/spat/gaea/server/secure/RSAHelperTest.java,58code_Gaea/Gaea/server/src/secure/com/bj58/spat/gaea/server/secure/RSAHelper.java,false,true,false,false,false,true,false,false,true,false,false,false,false,true,true,false,true,false,false,false,false
360-Innovations_VaadinSmartGWT,0123,D:\ryosuke-ku\data_set\Git_20161108\0123\360-Innovations_VaadinSmartGWT\VaadinSmartGWT\org.vaadin.smartgwt\src\test\java\org\vaadin\smartgwt\server\CanvasTest.java,D:\ryosuke-ku\data_set\Git_20161108\0123\360-Innovations_VaadinSmartGWT\VaadinSmartGWT\org.vaadin.smartgwt\src\main\java\org\vaadin\smartgwt\server\Canvas.java,360-Innovations_VaadinSmartGWT/VaadinSmartGWT/org.vaadin.smartgwt/src/test/java/org/vaadin/smartgwt/server/CanvasTest.java,360-Innovations_VaadinSmartGWT/VaadinSmartGWT/org.vaadin.smartgwt/src/main/java/org/vaadin/smartgwt/server/Canvas.java,true,false,false,false,false,true,false,false,false,false,false,false,false,true,true,false,true,false,false,false,false
58code_Gaea,0123,D:\ryosuke-ku\data_set\Git_20161108\0123\58code_Gaea\Gaea\server\src\test\com\bj58\spat\gaea\server\deploy\bytecode\CreateManagerTest.java,D:\ryosuke-ku\data_set\Git_20161108\0123\58code_Gaea\Gaea\server\src\deploy\com\bj58\spat\gaea\server\deploy\bytecode\CreateManager.java,58code_Gaea/Gaea/server/src/test/com/bj58/spat/gaea/server/deploy/bytecode/CreateManagerTest.java,58code_Gaea/Gaea/server/src/deploy/com/bj58/spat/gaea/server/deploy/bytecode/CreateManager.java,false,true,false,false,true,true,false,false,true,false,false,false,false,false,false,false,true,false,false,false,false
360-Innovations_VaadinSmartGWT,0123,D:\ryosuke-ku\data_set\Git_20161108\0123\360-Innovations_VaadinSmartGWT\VaadinSmartGWT\org.vaadin.smartgwt\src\test\java\org\vaadin\smartgwt\server\core\ComponentListTest.java,D:\ryosuke-ku\data_set\Git_20161108\0123\360-Innovations_VaadinSmartGWT\VaadinSmartGWT\org.vaadin.smartgwt\src\main\java\org\vaadin\smartgwt\server\core\ComponentList.java,360-Innovations_VaadinSmartGWT/VaadinSmartGWT/org.vaadin.smartgwt/src/test/java/org/vaadin/smartgwt/server/core/ComponentListTest.java,360-Innovations_VaadinSmartGWT/VaadinSmartGWT/org.vaadin.smartgwt/src/main/java/org/vaadin/smartgwt/server/core/ComponentList.java,false,false,false,false,false,true,false,false,false,false,false,false,false,true,true,false,true,false,false,false,false
4thline_seamless,0123,D:\ryosuke-ku\data_set\Git_20161108\0123\4thline_seamless\seamless\http\src\test\java\org\seamless\test\http\QueryTest.java,D:\ryosuke-ku\data_set\Git_20161108\0123\4thline_seamless\seamless\http\src\main\java\org\seamless\http\Query.java,4thline_seamless/seamless/http/src/test/java/org/seamless/test/http/QueryTest.java,4thline_seamless/seamless/http/src/main/java/org/seamless/http/Query.java,true,false,false,false,false,false,false,false,false,false,true,false,false,true,true,true,false,false,false,true,false
360-Innovations_VaadinSmartGWT,0123,D:\ryosuke-ku\data_set\Git_20161108\0123\360-Innovations_VaadinSmartGWT\VaadinSmartGWT\org.vaadin.smartgwt\src\test\java\org\vaadin\smartgwt\server\HTMLFlowTest.java,D:\ryosuke-ku\data_set\Git_20161108\0123\360-Innovations_VaadinSmartGWT\VaadinSmartGWT\org.vaadin.smartgwt\src\main\java\org\vaadin\smartgwt\server\HTMLFlow.java,360-Innovations_VaadinSmartGWT/VaadinSmartGWT/org.vaadin.smartgwt/src/test/java/org/vaadin/smartgwt/server/HTMLFlowTest.java,360-Innovations_VaadinSmartGWT/VaadinSmartGWT/org.vaadin.smartgwt/src/main/java/org/vaadin/smartgwt/server/HTMLFlow.java,false,false,false,false,false,true,false,false,false,false,false,false,false,true,true,false,true,false,false,false,false
236371_ewolf-webgui,0123,D:\ryosuke-ku\data_set\Git_20161108\0123\236371_ewolf-webgui\ewolf-webgui\test\il\technion\ewolf\chunkeeper\ChunKeeperTest.java,D:\ryosuke-ku\data_set\Git_20161108\0123\236371_ewolf-webgui\ewolf-webgui\src\il\technion\ewolf\chunkeeper\ChunKeeper.java,236371_ewolf-webgui/ewolf-webgui/test/il/technion/ewolf/chunkeeper/ChunKeeperTest.java,236371_ewolf-webgui/ewolf-webgui/src/il/technion/ewolf/chunkeeper/ChunKeeper.java,true,true,false,false,false,true,false,false,true,false,false,false,true,true,false,false,false,false,false,true,false
360-Innovations_VaadinSmartGWT,0123,D:\ryosuke-ku\data_set\Git_20161108\0123\360-Innovations_VaadinSmartGWT\VaadinSmartGWT\org.vaadin.smartgwt\src\test\java\org\vaadin\smartgwt\server\builder\BorderLayoutBuilderTest.java,D:\ryosuke-ku\data_set\Git_20161108\0123\360-Innovations_VaadinSmartGWT\VaadinSmartGWT\org.vaadin.smartgwt\src\main\java\org\vaadin\smartgwt\server\builder\BorderLayoutBuilder.java,360-Innovations_VaadinSmartGWT/VaadinSmartGWT/org.vaadin.smartgwt/src/test/java/org/vaadin/smartgwt/server/builder/BorderLayoutBuilderTest.java,360-Innovations_VaadinSmartGWT/VaadinSmartGWT/org.vaadin.smartgwt/src/main/java/org/vaadin/smartgwt/server/builder/BorderLayoutBuilder.java,false,false,false,false,false,false,true,false,false,false,false,false,false,true,true,false,true,false,false,false,false
58code_Gaea,0123,D:\ryosuke-ku\data_set\Git_20161108\0123\58code_Gaea\Gaea\client\java\client\test\com\bj58\spat\gaea\client\utility\AutoResetEventTest.java,D:\ryosuke-ku\data_set\Git_20161108\0123\58code_Gaea\Gaea\client\java\client\src\com\bj58\spat\gaea\client\utility\AutoResetEvent.java,58code_Gaea/Gaea/client/java/client/test/com/bj58/spat/gaea/client/utility/AutoResetEventTest.java,58code_Gaea/Gaea/client/java/client/src/com/bj58/spat/gaea/client/utility/AutoResetEvent.java,false,false,false,false,false,true,false,false,true,false,false,false,false,true,true,false,true,false,false,false,false
58code_Gaea,0123,D:\ryosuke-ku\data_set\Git_20161108\0123\58code_Gaea\Gaea\server\src\test\com\bj58\spat\gaea\server\bootstrap\MainTest.java,D:\ryosuke-ku\data_set\Git_20161108\0123\58code_Gaea\Gaea\server\src\bootstrap\com\bj58\spat\gaea\server\bootstrap\Main.java,58code_Gaea/Gaea/server/src/test/com/bj58/spat/gaea/server/bootstrap/MainTest.java,58code_Gaea/Gaea/server/src/bootstrap/com/bj58/spat/gaea/server/bootstrap/Main.java,false,false,false,false,false,true,false,false,false,false,false,false,false,false,false,false,true,false,false,false,false
360-Innovations_VaadinSmartGWT,0123,D:\ryosuke-ku\data_set\Git_20161108\0123\360-Innovations_VaadinSmartGWT\VaadinSmartGWT\org.vaadin.smartgwt\src\test\java\org\vaadin\smartgwt\server\core\ComponentPropertyPainterTest.java,D:\ryosuke-ku\data_set\Git_20161108\0123\360-Innovations_VaadinSmartGWT\VaadinSmartGWT\org.vaadin.smartgwt\src\main\java\org\vaadin\smartgwt\server\core\ComponentPropertyPainter.java,360-Innovations_VaadinSmartGWT/VaadinSmartGWT/org.vaadin.smartgwt/src/test/java/org/vaadin/smartgwt/server/core/ComponentPropertyPainterTest.java,360-Innovations_VaadinSmartGWT/VaadinSmartGWT/org.vaadin.smartgwt/src/main/java/org/vaadin/smartgwt/server/core/ComponentPropertyPainter.java,false,false,false,false,false,false,false,false,false,false,false,false,false,true,true,false,false,false,false,false,false
360-Innovations_VaadinSmartGWT,0123,D:\ryosuke-ku\data_set\Git_20161108\0123\360-Innovations_VaadinSmartGWT\VaadinSmartGWT\org.vaadin.smartgwt\src\test\java\org\vaadin\smartgwt\server\form\fields\FormItemIconTest.java,D:\ryosuke-ku\data_set\Git_20161108\0123\360-Innovations_VaadinSmartGWT\VaadinSmartGWT\org.vaadin.smartgwt\src\main\java\org\vaadin\smartgwt\server\form\fields\FormItemIcon.java,360-Innovations_VaadinSmartGWT/VaadinSmartGWT/org.vaadin.smartgwt/src/test/java/org/vaadin/smartgwt/server/form/fields/FormItemIconTest.java,360-Innovations_VaadinSmartGWT/VaadinSmartGWT/org.vaadin.smartgwt/src/main/java/org/vaadin/smartgwt/server/form/fields/FormItemIcon.java,true,false,false,false,false,true,false,false,false,false,false,false,false,true,true,false,true,false,false,false,false
3cky_bkemu-android,0123,D:\ryosuke-ku\data_set\Git_20161108\0123\3cky_bkemu-android\bkemu-android\tests\src\su\comp\bk\util\Crc16Test.java,D:\ryosuke-ku\data_set\Git_20161108\0123\3cky_bkemu-android\bkemu-android\src\su\comp\bk\util\Crc16.java,3cky_bkemu-android/bkemu-android/tests/src/su/comp/bk/util/Crc16Test.java,3cky_bkemu-android/bkemu-android/src/su/comp/bk/util/Crc16.java,false,false,false,false,false,true,false,false,false,false,false,false,false,false,false,false,false,false,false,false,false
4thline_cling,0123,D:\ryosuke-ku\data_set\Git_20161108\0123\4thline_cling\cling\support\src\test\java\example\mediaserver\DIDLParserTest.java,D:\ryosuke-ku\data_set\Git_20161108\0123\4thline_cling\cling\support\src\main\java\org\fourthline\cling\support\contentdirectory\DIDLParser.java,4thline_cling/cling/support/src/test/java/example/mediaserver/DIDLParserTest.java,4thline_cling/cling/support/src/main/java/org/fourthline/cling/support/contentdirectory/DIDLParser.java,true,false,false,false,false,true,false,false,false,false,true,false,false,true,true,true,false,false,false,true,false
360-Innovations_VaadinSmartGWT,0123,D:\ryosuke-ku\data_set\Git_20161108\0123\360-Innovations_VaadinSmartGWT\VaadinSmartGWT\org.vaadin.smartgwt\src\test\java\org\vaadin\smartgwt\server\extra\HSplitLayoutTest.java,D:\ryosuke-ku\data_set\Git_20161108\0123\360-Innovations_VaadinSmartGWT\VaadinSmartGWT\org.vaadin.smartgwt\src\main\java\org\vaadin\smartgwt\server\extra\HSplitLayout.java,360-Innovations_VaadinSmartGWT/VaadinSmartGWT/org.vaadin.smartgwt/src/test/java/org/vaadin/smartgwt/server/extra/HSplitLayoutTest.java,360-Innovations_VaadinSmartGWT/VaadinSmartGWT/org.vaadin.smartgwt/src/main/java/org/vaadin/smartgwt/server/extra/HSplitLayout.java,true,false,false,false,false,false,true,false,false,false,false,false,false,true,true,false,true,false,false,true,false
58code_Gaea,0123,D:\ryosuke-ku\data_set\Git_20161108\0123\58code_Gaea\Gaea\server\src\test\com\bj58\spat\gaea\server\components\protocol\JsonConvertTest.java,D:\ryosuke-ku\data_set\Git_20161108\0123\58code_Gaea\Gaea\server\src\core\com\bj58\spat\gaea\server\core\convert\JsonConvert.java,58code_Gaea/Gaea/server/src/test/com/bj58/spat/gaea/server/components/protocol/JsonConvertTest.java,58code_Gaea/Gaea/server/src/core/com/bj58/spat/gaea/server/core/convert/JsonConvert.java,true,true,false,false,false,true,false,false,true,false,false,false,false,true,false,false,true,false,false,false,false
58code_Gaea,0123,D:\ryosuke-ku\data_set\Git_20161108\0123\58code_Gaea\Gaea\protocol\src\test\java\com\bj58\spat\gaea\protocol\utility\ByteConverterTest.java,D:\ryosuke-ku\data_set\Git_20161108\0123\58code_Gaea\Gaea\protocol\src\main\java\com\bj58\spat\gaea\protocol\utility\ByteConverter.java,58code_Gaea/Gaea/protocol/src/test/java/com/bj58/spat/gaea/protocol/utility/ByteConverterTest.java,58code_Gaea/Gaea/protocol/src/main/java/com/bj58/spat/gaea/protocol/utility/ByteConverter.java,false,true,false,false,false,false,false,false,true,false,false,false,false,true,false,false,true,false,false,false,false
360-Innovations_VaadinSmartGWT,0123,D:\ryosuke-ku\data_set\Git_20161108\0123\360-Innovations_VaadinSmartGWT\VaadinSmartGWT\org.vaadin.smartgwt\src\test\java\org\vaadin\smartgwt\server\core\ComponentArrayTest.java,D:\ryosuke-ku\data_set\Git_20161108\0123\360-Innovations_VaadinSmartGWT\VaadinSmartGWT\org.vaadin.smartgwt\src\main\java\org\vaadin\smartgwt\server\core\ComponentArray.java,360-Innovations_VaadinSmartGWT/VaadinSmartGWT/org.vaadin.smartgwt/src/test/java/org/vaadin/smartgwt/server/core/ComponentArrayTest.java,360-Innovations_VaadinSmartGWT/VaadinSmartGWT/org.vaadin.smartgwt/src/main/java/org/vaadin/smartgwt/server/core/ComponentArray.java,false,false,false,false,false,true,false,false,false,false,false,false,false,true,true,false,true,false,false,false,false
4thline_cling,0123,D:\ryosuke-ku\data_set\Git_20161108\0123\4thline_cling\cling\core\src\test\java\example\controlpoint\ActionInvocationTest.java,D:\ryosuke-ku\data_set\Git_20161108\0123\4thline_cling\cling\core\src\main\java\org\fourthline\cling\model\action\ActionInvocation.java,4thline_cling/cling/core/src/test/java/example/controlpoint/ActionInvocationTest.java,4thline_cling/cling/core/src/main/java/org/fourthline/cling/model/action/ActionInvocation.java,true,true,false,false,false,true,false,false,false,false,true,false,false,true,true,true,false,false,false,true,false
360-Innovations_VaadinSmartGWT,0123,D:\ryosuke-ku\data_set\Git_20161108\0123\360-Innovations_VaadinSmartGWT\VaadinSmartGWT\org.vaadin.smartgwt\src\test\java\org\vaadin\smartgwt\server\events\ClickEventTest.java,D:\ryosuke-ku\data_set\Git_20161108\0123\360-Innovations_VaadinSmartGWT\VaadinSmartGWT\org.vaadin.smartgwt\src\main\java\org\vaadin\smartgwt\server\events\ClickEvent.java,360-Innovations_VaadinSmartGWT/VaadinSmartGWT/org.vaadin.smartgwt/src/test/java/org/vaadin/smartgwt/server/events/ClickEventTest.java,360-Innovations_VaadinSmartGWT/VaadinSmartGWT/org.vaadin.smartgwt/src/main/java/org/vaadin/smartgwt/server/events/ClickEvent.java,false,false,false,false,false,false,true,false,false,true,false,false,false,true,true,false,true,false,false,false,false
360-Innovations_VaadinSmartGWT,0123,D:\ryosuke-ku\data_set\Git_20161108\0123\360-Innovations_VaadinSmartGWT\VaadinSmartGWT\org.vaadin.smartgwt\src\test\java\org\vaadin\smartgwt\server\form\fields\events\FormItemIconClickEventTest.java,D:\ryosuke-ku\data_set\Git_20161108\0123\360-Innovations_VaadinSmartGWT\VaadinSmartGWT\org.vaadin.smartgwt\src\main\java\org\vaadin\smartgwt\server\form\fields\events\FormItemIconClickEvent.java,360-Innovations_VaadinSmartGWT/VaadinSmartGWT/org.vaadin.smartgwt/src/test/java/org/vaadin/smartgwt/server/form/fields/events/FormItemIconClickEventTest.java,360-Innovations_VaadinSmartGWT/VaadinSmartGWT/org.vaadin.smartgwt/src/main/java/org/vaadin/smartgwt/server/form/fields/events/FormItemIconClickEvent.java,false,false,false,false,false,false,true,false,false,true,false,false,false,true,true,false,true,false,false,false,false
0xCopy_RelaxFactory,0123,D:\ryosuke-ku\data_set\Git_20161108\0123\0xCopy_RelaxFactory\RelaxFactory\rxf-couch\src\test\java\rxf\couch\DateHeaderParserTest.java,D:\ryosuke-ku\data_set\Git_20161108\0123\0xCopy_RelaxFactory\RelaxFactory\rxf-core\src\main\java\rxf\core\DateHeaderParser.java,0xCopy_RelaxFactory/RelaxFactory/rxf-couch/src/test/java/rxf/couch/DateHeaderParserTest.java,0xCopy_RelaxFactory/RelaxFactory/rxf-core/src/main/java/rxf/core/DateHeaderParser.java,false,true,false,false,false,false,false,false,false,false,false,false,false,false,false,false,true,false,false,false,false
0xCopy_RelaxFactory,0123,D:\ryosuke-ku\data_set\Git_20161108\0123\0xCopy_RelaxFactory\RelaxFactory\rxf-couch\src\test\java\rxf\couch\Rfc822HeaderStateTest.java,D:\ryosuke-ku\data_set\Git_20161108\0123\0xCopy_RelaxFactory\RelaxFactory\rxf-core\src\main\java\rxf\core\Rfc822HeaderState.java,0xCopy_RelaxFactory/RelaxFactory/rxf-couch/src/test/java/rxf/couch/Rfc822HeaderStateTest.java,0xCopy_RelaxFactory/RelaxFactory/rxf-core/src/main/java/rxf/core/Rfc822HeaderState.java,true,false,false,false,false,false,false,false,false,false,false,false,false,true,true,false,false,false,false,true,false
58code_Gaea,0123,D:\ryosuke-ku\data_set\Git_20161108\0123\58code_Gaea\Gaea\server\src\test\com\bj58\spat\gaea\server\performance\commandhelper\CountTest.java,D:\ryosuke-ku\data_set\Git_20161108\0123\58code_Gaea\Gaea\server\src\performance\com\bj58\spat\gaea\server\performance\commandhelper\Count.java,58code_Gaea/Gaea/server/src/test/com/bj58/spat/gaea/server/performance/commandhelper/CountTest.java,58code_Gaea/Gaea/server/src/performance/com/bj58/spat/gaea/server/performance/commandhelper/Count.java,true,false,false,false,false,false,false,false,false,false,false,false,false,true,false,false,false,false,false,true,false
3cky_bkemu-android,0123,D:\ryosuke-ku\data_set\Git_20161108\0123\3cky_bkemu-android\bkemu-android\tests\src\su\comp\bk\arch\io\FloppyControllerTest.java,D:\ryosuke-ku\data_set\Git_20161108\0123\3cky_bkemu-android\bkemu-android\src\su\comp\bk\arch\io\FloppyController.java,3cky_bkemu-android/bkemu-android/tests/src/su/comp/bk/arch/io/FloppyControllerTest.java,3cky_bkemu-android/bkemu-android/src/su/comp/bk/arch/io/FloppyController.java,true,true,false,false,false,true,true,false,false,false,false,false,false,true,false,true,false,false,true,true,false
360-Innovations_VaadinSmartGWT,0123,D:\ryosuke-ku\data_set\Git_20161108\0123\360-Innovations_VaadinSmartGWT\VaadinSmartGWT\org.vaadin.smartgwt\src\test\java\org\vaadin\smartgwt\server\grid\ListGridRecordFactoryTest.java,D:\ryosuke-ku\data_set\Git_20161108\0123\360-Innovations_VaadinSmartGWT\VaadinSmartGWT\org.vaadin.smartgwt\src\main\java\org\vaadin\smartgwt\server\grid\ListGridRecordFactory.java,360-Innovations_VaadinSmartGWT/VaadinSmartGWT/org.vaadin.smartgwt/src/test/java/org/vaadin/smartgwt/server/grid/ListGridRecordFactoryTest.java,360-Innovations_VaadinSmartGWT/VaadinSmartGWT/org.vaadin.smartgwt/src/main/java/org/vaadin/smartgwt/server/grid/ListGridRecordFactory.java,false,false,false,false,false,false,false,false,false,false,false,false,false,false,true,false,true,false,false,false,false
360-Innovations_VaadinSmartGWT,0123,D:\ryosuke-ku\data_set\Git_20161108\0123\360-Innovations_VaadinSmartGWT\VaadinSmartGWT\org.vaadin.smartgwt\src\test\java\org\vaadin\smartgwt\server\extra\VSplitLayoutTest.java,D:\ryosuke-ku\data_set\Git_20161108\0123\360-Innovations_VaadinSmartGWT\VaadinSmartGWT\org.vaadin.smartgwt\src\main\java\org\vaadin\smartgwt\server\extra\VSplitLayout.java,360-Innovations_VaadinSmartGWT/VaadinSmartGWT/org.vaadin.smartgwt/src/test/java/org/vaadin/smartgwt/server/extra/VSplitLayoutTest.java,360-Innovations_VaadinSmartGWT/VaadinSmartGWT/org.vaadin.smartgwt/src/main/java/org/vaadin/smartgwt/server/extra/VSplitLayout.java,true,false,false,false,false,false,true,false,false,false,false,false,false,true,true,false,true,false,false,true,false
1000Memories_photon-core,0123,D:\ryosuke-ku\data_set\Git_20161108\0123\1000Memories_photon-core\photon-core\src\test\java\com\thousandmemories\photon\core\PhotoResourceTest.java,D:\ryosuke-ku\data_set\Git_20161108\0123\1000Memories_photon-core\photon-core\src\main\java\com\thousandmemories\photon\core\PhotoResource.java,1000Memories_photon-core/photon-core/src/test/java/com/thousandmemories/photon/core/PhotoResourceTest.java,1000Memories_photon-core/photon-core/src/main/java/com/thousandmemories/photon/core/PhotoResource.java,true,false,false,false,false,true,false,false,false,false,true,false,false,false,false,false,false,false,false,true,false
236371_ewolf-webgui,0123,D:\ryosuke-ku\data_set\Git_20161108\0123\236371_ewolf-webgui\ewolf-webgui\test\il\technion\ewolf\http\HttpConnectorTest.java,D:\ryosuke-ku\data_set\Git_20161108\0123\236371_ewolf-webgui\ewolf-webgui\src\il\technion\ewolf\http\HttpConnector.java,236371_ewolf-webgui/ewolf-webgui/test/il/technion/ewolf/http/HttpConnectorTest.java,236371_ewolf-webgui/ewolf-webgui/src/il/technion/ewolf/http/HttpConnector.java,false,true,false,false,false,true,false,true,true,false,true,false,false,true,true,false,false,false,false,false,false
360-Innovations_binding,0123,D:\ryosuke-ku\data_set\Git_20161108\0123\360-Innovations_binding\binding\test\com\netappsid\binding\beans\support\IdentityPropertyChangeSupportTest.java,D:\ryosuke-ku\data_set\Git_20161108\0123\360-Innovations_binding\binding\src\com\netappsid\binding\beans\support\IdentityPropertyChangeSupport.java,360-Innovations_binding/binding/test/com/netappsid/binding/beans/support/IdentityPropertyChangeSupportTest.java,360-Innovations_binding/binding/src/com/netappsid/binding/beans/support/IdentityPropertyChangeSupport.java,false,false,false,false,false,false,false,false,false,false,false,false,false,true,true,false,false,false,false,false,false
236371_ewolf-webgui,0123,D:\ryosuke-ku\data_set\Git_20161108\0123\236371_ewolf-webgui\ewolf-webgui\test\il\technion\ewolf\kbr\openkad\net\MessageDispatcherTest.java,D:\ryosuke-ku\data_set\Git_20161108\0123\236371_ewolf-webgui\ewolf-webgui\src\il\technion\ewolf\kbr\openkad\net\MessageDispatcher.java,236371_ewolf-webgui/ewolf-webgui/test/il/technion/ewolf/kbr/openkad/net/MessageDispatcherTest.java,236371_ewolf-webgui/ewolf-webgui/src/il/technion/ewolf/kbr/openkad/net/MessageDispatcher.java,false,false,false,false,false,true,true,false,false,false,false,false,true,true,true,false,true,false,false,false,false
13leaf_AndroidPackageTool,0123,D:\ryosuke-ku\data_set\Git_20161108\0123\13leaf_AndroidPackageTool\AndroidPackageTool\src\test\FilesTest.java,D:\ryosuke-ku\data_set\Git_20161108\0123\13leaf_AndroidPackageTool\AndroidPackageTool\src\tools\Files.java,13leaf_AndroidPackageTool/AndroidPackageTool/src/test/FilesTest.java,13leaf_AndroidPackageTool/AndroidPackageTool/src/tools/Files.java,false,false,false,false,false,true,false,false,false,false,false,false,false,false,true,false,false,false,true,false,false
